Address           ArrivalTime(us)CompressionRatio(%)   Latency(ns)    IsHit
------------------------------------------------------------------------------
0x44bb7fdc0       0.113          50.10                 566.00         0
0x814c2400        0.409          46.40                 425.00         0
0x2860a66c0       0.172          50.20                 672.00         0
0x165d3b940       0.780          49.50                 561.00         0
0x74d0cf6c0       0.840          53.80                 676.00         0
0x5d4a993c0       1.002          48.50                 674.00         0
0x4abe57800       1.082          51.60                 764.00         0
0x796f9adc0       1.154          53.20                 877.00         0
0x47f727740       1.392          47.00                 794.00         0
0x735aab880       1.428          49.30                 1028.00        0
0x2ddd5a2c0       1.438          46.60                 1058.00        0
0x3fa558500       1.452          51.40                 1329.00        0
0x5b9355440       1.470          52.50                 1361.00        0
0x320afe4c0       1.573          50.30                 1428.00        0
0x12baa8cc0       1.594          51.70                 1572.00        0
0x16e18ff00       1.725          52.20                 1611.00        0
0x372d80580       1.778          47.50                 1713.00        0
0x7c4476140       1.868          53.70                 1798.00        0
0x50510f5c0       1.905          48.00                 1916.00        0
0x56bbdc300       1.967          49.70                 2104.00        0
0x68e80bd80       1.973          52.00                 2178.00        0
0x7faa49d80       2.039          49.70                 2272.00        0
0x513188f40       2.119          48.80                 2462.00        0
0x56c620200       2.128          48.40                 2498.00        0
0x4bc731d80       2.200          51.30                 2591.00        0
0x85e55b40        2.284          53.40                 2622.00        0
0x4e0dda780       2.301          47.30                 2820.00        0
0x2c88d1a00       2.484          46.40                 2787.00        0
0x1dda6a700       2.523          50.70                 2913.00        0
0x6ba4de480       2.579          50.90                 3162.00        0
0x11c41d300       2.581          48.10                 3175.00        0
0x3ca0d8080       3.258          50.40                 2663.00        0
0x58ae6aa80       3.334          51.00                 2907.00        0
0x1bd261f00       3.335          50.80                 2916.00        0
0x6ba4de340       6.212          51.60                 50.00          1
0x4d12a0340       3.447          54.30                 3089.00        0
0x1ae3df140       3.459          52.00                 3137.00        0
0x163136d00       3.552          45.20                 3189.00        0
0x7c2243680       3.618          51.50                 3288.00        0
0x7ca7f0b80       3.759          54.10                 3322.00        0
0x3482b50c0       3.810          48.80                 3431.00        0
0x126f643c0       3.955          51.50                 3451.00        0
0x5dbf60d80       3.986          45.10                 3567.00        0
0x7698dbf40       4.159          48.00                 3549.00        0
0x5cf9d9740       4.287          47.70                 3576.00        0
0xf4d2b1c0        4.384          52.70                 3484.00        0
0x23570d00        4.374          52.30                 4079.00        0
0x1c73145c0       4.510          49.40                 4343.00        0
0x2c3319880       4.745          54.10                 4148.00        0
0x43a355d00       4.801          54.00                 4272.00        0
0x5f752f680       5.046          48.80                 4227.00        0
0x7f905cf40       5.067          49.40                 4326.00        0
0x35b88d680       5.218          53.50                 4395.00        0
0x254424080       5.246          46.20                 4487.00        0
0x72149b7c0       5.415          51.00                 4488.00        0
0x25940080        5.718          50.40                 4200.00        0
0x790803140       5.705          54.80                 4438.00        0
0x52c053ac0       5.877          54.60                 4566.00        0
0x143969b00       6.021          48.60                 4582.00        0
0xc1ca1a00        6.192          49.60                 4421.00        0
0x6f00e900        6.259          52.80                 4509.00        0
0x72d247fc0       6.623          50.20                 4500.00        0
0x4d3d05d80       6.797          47.30                 4486.00        0
0x6a3a09000       6.826          48.70                 4617.00        0
0x3db4d9880       6.854          46.30                 4749.00        0
0x5ea071f40       6.899          47.20                 4864.00        0
0x576c44340       7.207          54.90                 4736.00        0
0x3cce89a40       7.277          53.90                 4846.00        0
0x382f39940       7.682          50.80                 4621.00        0
0x7f04cf480       7.742          54.50                 5041.00        0
0x29d7b2000       8.005          54.50                 4798.00        0
0x2bef75440       7.761          49.20                 5062.00        0
0x188e76040       7.841          46.20                 5262.00        0
0x1e1e0200        8.312          49.40                 4826.00        0
0x4ecbf28c0       8.128          46.30                 5015.00        0
0x3632e9040       8.179          50.10                 5144.00        0
0x1fd3072c0       8.240          53.40                 5263.00        0
0x4530c2540       8.469          48.70                 5354.00        0
0x40368bc00       8.518          54.20                 5485.00        0
0x58c1089c0       8.550          52.50                 5633.00        0
0x5eecb5600       8.590          53.70                 5913.00        0
0x7309e4a80       8.593          47.00                 5930.00        0
0x677764c40       8.641          48.40                 6032.00        0
0x2aeb411c0       8.725          47.80                 6108.00        0
0xe38d0640        9.450          47.10                 5388.00        0
0x35b88d7c0       14.931         48.60                 50.00          1
0x6d3d94b00       8.938          52.50                 6070.00        0
0x601c7e40        9.686          47.50                 5632.00        0
0x517a34640       9.689          51.60                 5814.00        0
0x255617280       9.781          52.80                 5897.00        0
0x5b59c3480       9.815          50.70                 6038.00        0
0x477242d40       9.928          48.70                 6060.00        0
0x633a70180       10.129         52.50                 5984.00        0
0x5489a6f00       10.228         47.20                 5965.00        0
0x48f9f7b00       10.354         48.90                 6044.00        0
0x682c40c80       10.371         54.20                 6162.00        0
0x2173d6a40       10.485         50.40                 6143.00        0
0x1e2263040       10.803         49.20                 5965.00        0
0x580fb0780       10.835         53.50                 6233.00        0
0x66527b580       10.855         50.70                 6268.00        0
0x600eb9140       10.993         50.40                 6310.00        0
0xeaeb2ac0        11.082         54.20                 6266.00        0
0x227cfe800       11.121         50.00                 6522.00        0
0x7a490da80       11.162         50.10                 6821.00        0
0x4f1e38580       11.175         51.10                 6828.00        0
0x246c68cc0       11.231         45.50                 6932.00        0
0x401477a80       11.313         50.80                 7130.00        0
0x473f4b580       11.337         53.80                 7186.00        0
0x4eee4f780       11.356         51.10                 7347.00        0
0xd6132140        11.812         50.50                 7131.00        0
0x2b805c380       11.408         45.60                 7535.00        0
0x3ef3f3380       11.412         45.60                 7611.00        0
0x1849f22c0       11.652         46.60                 7531.00        0
0x4c243c380       11.872         54.00                 7671.00        0
0xb7e74c0         12.035         47.80                 7783.00        0
0x4849d5740       11.920         48.00                 7903.00        0
0x20914fa40       11.920         48.30                 7943.00        0
0xab4716c0        12.058         45.40                 7970.00        0
0x7b2836dc0       11.954         51.90                 8089.00        0
0x6e8e5e700       12.234         53.00                 8349.00        0
0xa887f680        12.406         50.90                 8252.00        0
0x3ec2a1c00       12.261         47.50                 8442.00        0
0x323cc7140       12.367         49.40                 8496.00        0
0x597498ec0       12.495         53.50                 8728.00        0
0x87916bc0        12.598         49.50                 8750.00        0
0x698bfc680       12.554         53.60                 8849.00        0
0xba94b900        12.958         51.20                 8630.00        0
0x64c685680       12.643         51.00                 9100.00        0
0x701c40600       13.367         50.90                 8876.00        0
0x66494b840       13.374         49.40                 8909.00        0
0x51e340780       13.381         53.00                 9157.00        0
0x79c1774c0       13.416         45.00                 9182.00        0
0x76f74e000       13.548         51.20                 9230.00        0
0x60a107d40       13.585         47.20                 9348.00        0
0x5865b76c0       13.633         53.40                 9480.00        0
0xd6be4000        14.084         52.20                 9074.00        0
0x350168f40       13.787         46.00                 9471.00        0
0x5d244aa40       13.896         53.50                 9542.00        0
0x69a3b4740       13.940         52.50                 9788.00        0
0x2072ab340       13.959         53.40                 9814.00        0
0x2653a6840       14.076         51.10                 9872.00        0
0x2a6096e40       21.356         46.50                 2652.00        1
0x2a6096940       14.273         45.40                 9735.00        0
0x1cb904a80       14.378         54.20                 9805.00        0
0x8ec03200        14.888         50.20                 9360.00        0
0x67c86bb40       14.594         45.40                 9684.00        0
0x4325c3780       14.988         45.30                 9620.00        0
0x7dfd73cc0       15.060         45.40                 9708.00        0
0x679e06fc0       15.128         48.70                 9800.00        0
0x51e61b740       15.243         46.10                 9845.00        0
0x1d8334580       15.334         48.30                 9914.00        0
0x99459fc0        15.422         48.60                 9936.00        0
0xe7277e00        15.683         48.10                 10085.00       0
0x7ba154140       15.670         46.60                 10158.00       0
0x2e2f2a3c0       15.767         45.30                 10081.00       0
0x5d7a52880       15.685         54.40                 10523.00       0
0x179ef5340       15.584         45.70                 10644.00       0
0x5f2754f40       16.046         51.90                 10362.00       0
0x683743ac0       16.205         49.10                 10443.00       0
0x53cf2d440       16.209         52.40                 10539.00       0
0x53cd0b8c0       16.281         50.90                 10647.00       0
0x6ea8a2bc0       16.366         47.90                 10722.00       0
0x43e49cd80       16.582         50.30                 10686.00       0
0xada0c340        16.938         55.00                 10425.00       0
0x499b14240       16.617         54.30                 10931.00       0
0x382698680       16.620         49.30                 10988.00       0
0x2aeab140        17.034         51.70                 10609.00       0
0x46ca91200       16.973         51.10                 10995.00       0
0x438894c00       17.267         47.90                 11041.00       0
0x49d29bac0       17.924         48.30                 10544.00       0
0x730acc100       18.000         51.40                 10648.00       0
0x4b4ed8d40       18.587         45.90                 10221.00       0
0x51559a280       18.611         45.90                 10357.00       0
0x5e797b8c0       18.741         48.90                 10387.00       0
0x149bcbc00       18.828         49.90                 10460.00       0
0xe650aac0        19.023         47.90                 10385.00       0
0x236057a40       18.934         51.10                 10534.00       0
0x7dbf7ba00       19.053         54.90                 10755.00       0
0x6433c7ac0       19.144         48.90                 10824.00       0
0x384361740       19.239         51.50                 10909.00       0
0x1b4085a40       19.285         50.90                 11043.00       0
0x53bbf45c0       19.470         51.20                 11038.00       0
0x93ac5200        19.873         45.60                 10680.00       0
0x7457d2a00       19.565         46.40                 11098.00       0
0x4e60d3640       19.640         48.40                 11258.00       0
0x21d587080       19.655         48.30                 11323.00       0
0x20f805f00       19.859         46.10                 11299.00       0
0x730ac7240       19.908         47.10                 11540.00       0
0x3e0fc8f80       19.989         52.20                 11604.00       0
0x565362100       20.176         46.30                 11502.00       0
0x635afe680       20.255         47.20                 11503.00       0
0x298017a40       20.406         51.30                 11397.00       0
0x3dab5d7c0       20.655         54.20                 11473.00       0
0x659f44840       20.667         48.00                 11591.00       0
0x4a9e8e700       20.677         47.80                 11601.00       0
0x1877f2a40       20.905         54.90                 11693.00       0
0x2d9036700       20.923         53.70                 11715.00       0
0x2f6ab1780       21.120         46.20                 11678.00       0
0xeaab80c0        21.754         52.30                 11089.00       1
0xeaab85c0        21.559         45.20                 11384.00       0
0x554454580       21.405         54.40                 11573.00       0
0x20b0ec6c0       21.652         48.90                 11626.00       0
0x1d1180340       21.747         53.80                 11711.00       0
0x576503200       21.937         54.80                 11921.00       0
0x6bf2d2a00       21.946         52.30                 12012.00       0
0x7ed0e6a40       21.962         53.80                 12036.00       0
0x4651f4400       22.058         48.70                 12240.00       0
0x3b7668ec0       22.063         54.50                 12295.00       0
0x27591f800       22.102         52.20                 12416.00       0
0x440f3e0c0       22.161         52.90                 12597.00       0
0x38bf9b8c0       22.174         52.20                 12704.00       0
0x4ee15d740       22.288         49.70                 12750.00       0
0x4d2a9ae80       22.364         54.50                 12854.00       0
0x1439692c0       35.232         50.70                 50.00          1
0x44b68fcc0       22.454         54.70                 12944.00       0
0x7689bed80       22.580         50.80                 12983.00       0
0x45a607680       22.631         51.30                 13212.00       0
0x730dac940       22.645         49.40                 13258.00       0
0x43c023840       22.819         51.80                 13264.00       0
0x1957dda40       22.897         49.90                 13346.00       0
0x46919d5c0       23.036         45.30                 13367.00       0
0x64bbb7640       23.639         48.60                 13344.00       0
0x56a5bbe00       23.617         50.90                 13406.00       0
0x5fde054c0       23.505         53.40                 13638.00       0
0x143135180       23.614         52.70                 13569.00       0
0x3cdea0b40       23.709         48.20                 13574.00       0
0x8bb20e00        23.733         49.20                 13580.00       0
0x5653621c0       37.516         47.90                 50.00          1
0x3337d3e40       23.790         49.70                 13793.00       0
0x7cfd0c3c0       23.826         49.50                 13917.00       0
0x790f0e2c0       23.837         53.60                 14086.00       0
0x70a72f3c0       23.922         50.40                 14181.00       0
0x26a4e8780       24.045         54.60                 14233.00       0
0x1586c9e00       24.137         46.30                 14381.00       0
0x3e2feb300       24.137         50.70                 14481.00       0
0x1066fc780       24.195         48.00                 14578.00       0
0x1d3e2ea40       24.245         48.80                 14688.00       0
0x5566b7780       24.474         51.80                 14629.00       0
0x5e9f54e40       24.675         51.30                 14608.00       0
0x1b982dcc0       24.699         54.30                 14719.00       0
0x196b66800       24.867         47.40                 14651.00       0
0x37ce65380       24.881         49.70                 14707.00       0
0x725e7eac0       25.111         52.00                 14817.00       0
0x5e558aa00       25.075         46.70                 14933.00       0
0x5c1240b80       25.289         52.80                 14759.00       0
0x30e7a3800       25.328         45.70                 14880.00       0
0x717276100       25.411         46.70                 14957.00       0
0x1122390c0       25.445         48.10                 15083.00       0
0x715e47600       25.619         54.00                 15089.00       0
0x65225d280       25.686         52.00                 15202.00       0
0x7a17f42c0       26.040         51.10                 15013.00       0
0x63db0e7c0       26.078         45.80                 15135.00       0
0x1b2b06500       26.137         45.10                 15356.00       0
0x325d9c740       26.144         52.10                 15429.00       0
0x3f5901f80       26.150         48.80                 15643.00       0
0x4d6061bc0       26.186         51.80                 15707.00       0
0x9c046240        26.491         54.90                 15522.00       0
0x3bd062b40       26.227         51.20                 15846.00       0
0x675a50380       26.270         50.40                 15983.00       0
0x75906e1c0       26.532         46.60                 16061.00       0
0x431c8a400       26.601         45.80                 16152.00       0
0x78569c940       26.817         52.20                 16196.00       0
0x396357840       26.836         53.10                 16277.00       0
0x1eb5ccdc0       26.969         47.10                 16364.00       0
0x2b03e1100       26.995         52.10                 16458.00       0
0x5cd76da00       27.053         51.40                 16580.00       0
0xc9085600        27.399         46.30                 16274.00       0
0x2b018cc00       27.182         53.20                 16631.00       0
0x4f3d30b40       27.242         52.60                 16751.00       0
0xbd14d800        27.846         50.00                 16372.00       0
0x29fde000        28.317         53.60                 15931.00       0
0x367457ac0       27.502         45.00                 16811.00       0
0x4bc512780       27.844         46.40                 16749.00       0
0xcc717300        28.435         46.00                 16233.00       0
0x5b16bda40       28.011         54.20                 16802.00       0
0x293dbda80       28.370         47.10                 16778.00       0
0x2203eba00       28.518         46.90                 16950.00       0
0x679208900       28.677         46.60                 16951.00       0
0x628c16380       28.869         51.50                 17054.00       0
0x72654c840       28.877         49.10                 17086.00       0
0x73a996c80       28.941         50.70                 17272.00       0
0x6ed947a80       28.950         48.10                 17343.00       0
0x797242000       29.094         50.90                 17374.00       0
0x2175b2c80       29.128         53.40                 17520.00       0
0x562213c0        29.633         46.90                 17055.00       0
0x3b34a6940       38.114         46.90                 8689.00        1
0x3b34a63c0       29.192         46.40                 17611.00       0
0x54d432180       29.365         49.00                 17593.00       0
0x21d072fc0       29.406         46.20                 17702.00       0
0x1de8e4780       29.554         47.40                 17649.00       0
0x3c08c4080       29.805         51.20                 17558.00       0
0x2230be980       29.844         53.60                 17669.00       0
0x7dbac1100       29.961         48.10                 17807.00       0
0x3f9f439c0       29.966         49.00                 17862.00       0
0x7affab640       30.399         47.90                 17514.00       0
0x60fb69380       30.432         45.70                 17936.00       0
0x1e79b5000       30.432         50.80                 18071.00       0
0x7aa5dfd00       30.438         53.20                 18125.00       0
0x69f7d4a80       30.444         53.40                 18159.00       0
0x52e480b80       30.616         45.50                 18147.00       0
0x39494d740       30.652         48.50                 18271.00       0
0x797d6d1c0       31.216         52.50                 18187.00       0
0x646c67240       31.469         51.20                 17954.00       0
0x66e2b52c0       31.330         49.10                 18113.00       0
0x55b2f6080       31.522         51.40                 18101.00       0
0x5a76ef840       31.639         54.00                 18164.00       0
0x7e50cc400       31.802         54.50                 18321.00       0
0x3d94991c0       31.805         50.50                 18358.00       0
0x5ecc88c80       32.165         47.30                 18158.00       0
0x7e50cc500       50.317         48.70                 50.00          1
0x700fd6540       32.283         52.00                 18220.00       0
0x43c026e40       32.324         47.90                 18339.00       0
0x704691b00       32.450         46.60                 18453.00       0
0x3d52ecc40       32.453         54.20                 18570.00       0
0x7e2e1140        32.688         48.60                 18420.00       0
0x7863e3c80       32.493         47.20                 18710.00       0
0x675faa100       32.513         54.00                 18830.00       0
0x797d6d900       51.416         54.40                 50.00          1
0x5c9a18340       32.574         53.90                 18949.00       0
0x4cfaa22c0       32.823         47.00                 19020.00       0
0x1233f9d40       32.879         47.80                 19124.00       0
0x367ce180        34.016         51.90                 18012.00       0
0x55b652c80       33.609         46.80                 18554.00       0
0x666960980       33.829         52.00                 18509.00       0
0x7a948dd80       33.876         51.50                 18637.00       0
0x309defe80       34.106         50.40                 18767.00       0
0x184499580       34.204         54.20                 18844.00       0
0x5e236bec0       34.317         47.40                 18886.00       0
0x78fa79940       34.416         50.10                 19007.00       0
0x6be305800       34.441         50.80                 19117.00       0
0x471b69780       34.471         48.60                 19302.00       0
0x656852300       34.490         54.20                 19423.00       0
0x5f2f0e980       34.528         53.30                 19540.00       0
0x31a302e40       34.739         49.40                 19684.00       0
0x1b4b73580       34.756         50.70                 19822.00       0
0x43053c640       34.763         45.60                 19835.00       0
0x41a6060c0       34.763         47.60                 19955.00       0
0x5421834c0       34.826         45.40                 20047.00       0
0x2965f0700       34.880         46.70                 20113.00       0
0x549b21480       34.961         45.00                 20132.00       0
0x5e251b8c0       34.988         52.50                 20170.00       0
0x326ccab80       35.144         52.70                 20204.00       0
0x1e979a840       35.176         51.30                 20317.00       0
0x5d2950f00       35.401         53.10                 20232.00       0
0x744a89a80       35.479         52.90                 20294.00       0
0x2a381d440       35.639         52.60                 20474.00       0
0x4159c3ac0       35.663         54.10                 20610.00       0
0x768c48800       35.670         54.10                 20643.00       0
0x5bb2c21c0       35.729         51.70                 20764.00       0
0x1c71d0180       35.863         48.10                 20790.00       0
0x7b1c57e80       35.968         46.40                 20920.00       0
0x633949300       35.984         47.30                 20989.00       0
0x44e0d2f00       36.206         45.80                 20927.00       0
0x5f84e3b00       36.435         54.30                 20878.00       0
0x5e0c75bc0       36.650         45.60                 20943.00       0
0x62b5e4180       36.653         52.80                 21000.00       0
0x2f7565c40       37.018         53.60                 20815.00       0
0x384a64c00       37.104         46.00                 20889.00       0
0x2a3ed74c0       37.334         48.70                 20939.00       0
0x3cce89e00       58.234         50.00                 50.00          1
0x1c877ac00       37.338         47.10                 20975.00       0
0x7971a8ec0       37.786         53.30                 20707.00       0
0xf1c88480        38.275         53.10                 20338.00       0
0x163136980       58.577         45.70                 50.00          1
0x429710e40       38.003         48.30                 20650.00       0
0x47e83be40       38.125         50.40                 20708.00       0
0x750622c0        38.675         53.60                 20473.00       0
0x11f861c40       38.529         51.50                 20804.00       0
0x63d13e5c0       38.535         54.40                 20838.00       0
0x6223cc0c0       38.604         46.80                 20929.00       0
0x5e251bc40       59.715         45.80                 50.00          1
0x553d34f40       38.708         49.00                 21165.00       0
0x65262df40       38.860         46.10                 21173.00       0
0x5b6789140       38.969         49.70                 21454.00       0
0x2a3d1d380       39.057         45.60                 21446.00       0
0x391a68d80       38.941         51.30                 21582.00       0
0x16ede0a00       39.297         52.50                 21401.00       0
0x2c3ce7840       39.415         48.30                 21443.00       0
0x3a488c380       39.493         46.10                 21525.00       0
0x162abd500       39.538         53.70                 21660.00       0
0x2aeece700       39.827         49.40                 21526.00       0
0x3b87685c0       39.867         49.40                 21641.00       0
0x4c62bc780       39.942         54.90                 21741.00       0
0x820b8800        40.013         46.40                 21730.00       0
0x1de1d1440       39.999         46.70                 21859.00       0
0x72333e180       40.257         48.20                 21901.00       0
0x1a9e48500       40.436         54.00                 21897.00       0
0x108c3ce00       40.614         51.40                 21979.00       0
0x5fdbf42c0       50.409         47.40                 12259.00       1
0x5fdbf41c0       40.642         50.00                 22026.00       0
0x4bd869a40       40.701         52.40                 22117.00       0
0x273279840       40.734         49.10                 22144.00       0
0x6d25e3600       40.751         52.60                 22207.00       0
0x64acf6400       40.839         46.80                 22249.00       0
0x12f03200        40.984         47.60                 22359.00       0
0x1ddda9300       40.879         53.30                 22474.00       0
0x51cfdb980       60.626         53.80                 2772.00        1
0x51cfdbe00       40.948         45.70                 22450.00       0
0x3e2c85a80       41.087         50.50                 22711.00       0
0x2e6a4c980       41.094         46.60                 22784.00       0
0x77cc0c5c0       41.201         48.50                 22837.00       0
0x6645877c0       41.389         51.80                 22839.00       0
0x2a4490800       41.431         49.50                 22947.00       0
0x183568680       41.717         50.30                 22841.00       0
0xb0f1f980        41.846         53.40                 22717.00       0
0x5b4420900       41.976         53.90                 22942.00       0
0x2fd24a80        42.023         48.00                 23060.00       0
0x3c0b14dc0       42.011         48.70                 23107.00       0
0x30e031480       42.293         47.50                 23105.00       0
0x43ac93f00       42.621         51.40                 22957.00       0
0x3560a7880       42.735         50.50                 23023.00       0
0x951cb40         42.783         46.10                 23125.00       0
0x795254c0        42.811         52.30                 23112.00       0
0x4997f74c0       42.764         46.90                 23214.00       0
0x675375bc0       42.921         46.50                 23497.00       0
0x530402180       43.077         54.00                 23581.00       0
0x4213fc040       58.248         53.40                 8510.00        1
0x4213fcd80       43.107         49.70                 23651.00       0
0x19a41940        43.200         47.60                 23588.00       0
0x6eec3ec40       43.191         46.40                 23867.00       0
0x419c52f40       43.342         48.40                 23896.00       0
0x383525240       43.428         45.50                 23970.00       0
0x348b119c0       43.545         45.90                 24013.00       0
0x307cb31c0       43.767         48.70                 23951.00       0
0x3f5901800       67.795         54.00                 50.00          1
0x1ba72e00        43.974         54.30                 24014.00       0
0x7735d6d80       43.973         53.70                 24085.00       0
0x439afc4c0       44.001         51.20                 24257.00       0
0x529331c80       57.784         48.50                 10654.00       1
0x529331200       44.036         50.10                 24402.00       0
0x52e480a00       68.531         45.50                 50.00          1
0x64455d4c0       47.235         52.10                 21363.00       1
0x64455dbc0       44.127         45.20                 24471.00       0
0x7c8d64640       44.195         53.50                 24658.00       0
0x723e72800       44.202         49.90                 24731.00       0
0x4fb8815c0       44.253         45.60                 24835.00       0
0x57e464000       44.348         46.30                 24900.00       0
0xeaeb2600        69.269         47.40                 50.00          1
0x6f35bdc40       44.452         50.20                 24976.00       0
0x5566b7a00       69.426         48.30                 50.00          1
0x64574840        44.605         48.60                 24958.00       0
0x5b99f0ac0       44.519         48.80                 25089.00       0
0x43ab922c0       44.546         49.10                 25202.00       0
0x26a4e8640       69.715         54.90                 50.00          1
0x40c731cc0       55.896         45.30                 14167.00       1
0x40c731000       44.714         46.10                 25349.00       0
0x381b502c0       44.794         53.70                 25584.00       0
0xa66dac80        44.906         54.90                 25502.00       0
0x150eeec00       44.796         51.60                 25622.00       0
0x7e2db6640       44.945         49.50                 25708.00       0
0x1dd442040       44.998         49.50                 25735.00       0
0x371e32a40       45.066         49.20                 25922.00       0
0x691e9e0c0       45.072         48.80                 25976.00       0
0x25aa7a700       45.213         53.60                 26050.00       0
0x46ca91200       71.227         48.10                 50.00          1
0x41ed1cf00       45.219         47.50                 26064.00       0
0x50000280        45.507         51.50                 25816.00       0
0x6a9a3cac0       45.507         49.50                 26056.00       0
0x7a490d680       71.699         52.40                 50.00          1
0x37784ea00       45.562         52.90                 26371.00       0
0x2e40981c0       45.564         47.90                 26389.00       0
0x3e9caaa80       45.673         48.00                 26440.00       0
0x45385ed40       45.817         50.20                 26556.00       0
0x4a132ebc0       45.843         45.20                 26610.00       0
0x5e39d45c0       45.869         48.40                 26744.00       0
0x7085bf000       45.982         49.00                 26831.00       0
0x271158a00       46.002         47.10                 26931.00       0
0x104c08000       46.113         50.50                 27040.00       0
0x5c88227c0       46.139         45.20                 27234.00       0
0x6327a0680       46.148         54.10                 27305.00       0
0x66b72a400       46.244         51.10                 27529.00       0
0x188ba9640       46.244         52.50                 27569.00       0
0x5b16bd840       73.765         54.00                 50.00          1
0x3a016f9c0       46.352         52.50                 27641.00       0
0x10313f780       46.431         45.00                 27722.00       0
0x416462840       46.519         50.00                 27794.00       0
0x389c72d80       46.613         51.50                 27880.00       0
0x44e0d2d40       74.546         51.60                 50.00          1
0x134303800       46.740         53.00                 28073.00       0
0x108cd26c0       46.957         46.90                 27876.00       0
0x6b16892c0       47.300         45.40                 27693.00       0
0x1235a2c0        47.577         51.60                 27561.00       0
0x499a8db00       47.451         47.80                 27702.00       0
0x57d79f780       47.519         53.50                 27814.00       0
0x787f827c0       47.553         50.20                 28000.00       0
0x7bd8dc140       47.638         49.40                 28215.00       0
0x5d479eec0       47.902         53.50                 28131.00       0
0x1cb904c80       76.102         48.80                 50.00          1
0x31cf975c0       47.960         49.10                 28233.00       0
0x450d37a80       48.054         46.60                 28299.00       0
0x439afcd40       76.410         47.90                 50.00          1
0xd6be45c0        76.415         53.00                 50.00          1
0x8d884480        48.402         50.50                 28126.00       0
0xc0c7d8c0        48.385         52.50                 28188.00       0
0x784ce0280       48.304         52.80                 28309.00       0
0x62bfc1540       48.320         53.20                 28393.00       0
0x26e873c0        48.699         45.30                 28109.00       0
0x55d462c40       48.471         45.70                 28752.00       0
0x471b69280       77.221         53.50                 50.00          1
0x47026a2c0       48.878         48.50                 28660.00       0
0x15fb9aac0       49.078         45.80                 28620.00       0
0x743bcdc40       49.260         47.30                 28593.00       0
0x1d6566180       49.451         52.30                 28577.00       0
0x45eec6440       49.674         53.20                 28599.00       0
0x2e971ea80       49.702         54.80                 28646.00       0
0x5a446a140       49.756         53.60                 28692.00       0
0x331da0640       49.917         49.60                 28601.00       0
0x7a1ee4980       50.077         45.70                 28741.00       0
0x6d5236d80       50.071         50.80                 28792.00       0
0x310de42c0       74.993         53.20                 4140.00        1
0x310de4480       50.160         49.80                 28973.00       0
0x5173f3700       50.173         48.60                 28990.00       0
0x6a3e3e880       50.176         49.80                 29027.00       0
0x33ed8b380       50.205         53.90                 29178.00       0
0x2816db2c0       50.285         50.30                 29278.00       0
0x3f2c42e40       50.424         51.60                 29319.00       0
0x71c345900       50.463         46.10                 29660.00       0
0x69c0dfb40       50.469         50.10                 29754.00       0
0x493868740       50.473         49.60                 29770.00       0
0x5cb1644c0       50.671         49.40                 29732.00       0
0x44b5db800       50.849         50.50                 29734.00       0
0x11635540        51.166         45.20                 29502.00       0
0x3be360540       51.004         51.40                 29759.00       0
0x679208c80       80.899         53.40                 50.00          1
0x772d5f200       51.180         51.70                 29923.00       0
0x2c3319680       81.218         46.50                 50.00          1
0x7394ef500       51.260         52.00                 30023.00       0
0x7e9e3c500       51.464         51.80                 29999.00       0
0x20245bdc0       51.520         51.00                 30143.00       0
0x233aab880       51.558         47.90                 30285.00       0
0x4903d5f00       51.571         49.40                 30392.00       0
0x109a57bc0       51.676         46.90                 30607.00       0
0x59dd3b240       51.676         53.50                 30627.00       0
0x24de8af40       51.762         48.10                 30821.00       0
0x331574c80       51.770         47.00                 30853.00       0
0x2a2880540       51.845         47.50                 31058.00       0
0x498537680       51.849         50.90                 31114.00       0
0x34364d1c0       51.935         45.40                 31188.00       0
0x161f87b40       52.000         46.40                 31283.00       0
0x3efb353c0       52.091         47.30                 31472.00       0
0x680610080       52.099         52.40                 31524.00       0
0x3028d5280       52.277         46.80                 31506.00       0
0x3e89bc7c0       52.324         49.00                 31679.00       0
0x3d5d5be00       52.334         51.20                 31929.00       0
0x5edb00e00       52.337         54.50                 31966.00       0
0xc65b1c80        52.552         46.60                 31881.00       0
0x55c955a00       52.522         49.00                 31981.00       0
0x4deaad000       52.625         47.90                 32158.00       0
0x321ecc080       52.977         48.60                 31966.00       0
0x1066fc280       84.939         48.80                 50.00          1
0x6cf1b0c00       53.130         49.80                 31973.00       0
0x4669a8540       53.334         53.80                 31949.00       0
0x5d3bc9fc0       53.428         46.20                 32015.00       0
0x78048c840       53.463         55.00                 32155.00       0
0x34364d7c0       85.667         51.30                 50.00          1
0x147f93740       53.598         51.10                 32200.00       0
0x2874da00        53.845         52.60                 31988.00       0
0x503efa2c0       53.780         51.50                 32198.00       0
0x7e65dd7c0       53.886         48.60                 32332.00       0
0x2a40a5d40       54.135         50.90                 32163.00       0
0x143362300       54.227         52.00                 32126.00       0
0x2fd0dbe80       54.257         48.00                 32353.00       0
0x35fdd4200       54.350         47.40                 32340.00       0
0x73fdf4140       54.788         54.50                 32062.00       0
0x2df6dc4c0       54.982         45.60                 32008.00       0
0x62146a2c0       55.030         49.10                 32120.00       0
0x6faf46d80       55.117         54.40                 32213.00       0
0x6027af580       55.238         46.30                 32417.00       0
0x4b6d63440       55.249         46.70                 32506.00       0
0x314677800       55.252         45.40                 32543.00       0
0x41e5621c0       55.433         54.10                 32542.00       0
0x6ac4c5cc0       55.488         49.20                 32647.00       0
0x27fd4a900       55.625         48.00                 32750.00       0
0x12feec140       55.640         48.30                 32815.00       0
0x2ec162940       55.703         45.70                 33032.00       0
0x6066960c0       55.720         54.10                 33075.00       0
0x3042a0600       76.417         54.10                 12688.00       1
0x3042a0040       55.925         45.20                 33180.00       0
0x2fb428f40       55.920         54.90                 33195.00       0
0x6ff455b80       56.257         49.10                 33018.00       0
0xdf758fc0        56.294         49.00                 33171.00       0
0x61066cdc0       56.296         52.70                 33319.00       0
0x3f9540e40       56.388         49.00                 33387.00       0
0x3637df440       72.891         50.60                 17194.00       1
0x3637dfa00       56.634         51.00                 33451.00       0
0x7d5954100       68.705         54.10                 21400.00       1
0x7d59549c0       56.639         45.30                 33466.00       0
0x67fed35c0       56.693         46.90                 33572.00       0
0x88ea5f00        57.049         50.80                 33326.00       0
0x34364dd40       90.470         54.40                 50.00          1
0x1873395c0       57.247         47.80                 33358.00       0
0x76f3ab940       57.302         46.70                 33463.00       0
0x7042683c0       57.787         48.40                 33218.00       0
0x59c492c80       57.802         50.90                 33303.00       0
0x64b832a40       57.964         54.20                 33381.00       0
0x3e5a52980       57.976         51.60                 33489.00       0
0x28b767500       58.453         49.10                 33172.00       0
0x44d8a180        58.776         47.60                 32894.00       0
0x354434080       58.507         53.70                 33318.00       0
0x7dea1ca40       58.546         46.50                 33419.00       0
0x118dee9c0       58.668         46.30                 33457.00       0
0x1beb54080       77.590         53.60                 14860.00       1
0x1beb54f80       58.831         53.20                 33619.00       0
0x77c18d440       71.966         54.70                 20659.00       1
0x77c18d9c0       58.910         54.10                 33715.00       0
0xfea69400        59.365         46.10                 33340.00       0
0x77a2b35c0       58.971         53.50                 33834.00       0
0x77eeea200       59.000         47.40                 33960.00       0
0x108f43c0        59.908         52.00                 33267.00       0
0x581643500       59.616         48.50                 33664.00       0
0x7fd218900       59.884         53.30                 33651.00       0
0x75b0870c0       59.908         48.90                 33857.00       0
0x5972ce600       59.971         53.70                 33959.00       0
0x50f76e5c0       60.074         46.80                 33961.00       0
0x165d5c840       60.250         51.90                 33875.00       0
0x1ad66f980       60.439         45.40                 33931.00       0
0x188e763c0       94.349         49.10                 50.00          1
0x264944180       60.872         46.20                 33598.00       0
0x4e9ffe280       60.927         47.70                 33723.00       0
0x44c7b140        61.026         46.30                 33659.00       0
0x551223b40       60.936         45.70                 33774.00       0
0x1a255e240       61.010         48.90                 34080.00       0
0x6d680ebc0       61.032         53.10                 34178.00       0
0x45f773c0        61.112         53.50                 34173.00       0
0x1fb04edc0       61.095         54.60                 34375.00       0
0x6dac79000       61.627         51.40                 34118.00       0
0x1a160ecc0       61.759         53.20                 34166.00       0
0x48fe00980       61.887         47.70                 34198.00       0
0x2705a1040       61.941         47.30                 34304.00       0
0x707b22800       76.768         49.70                 19762.00       1
0x707b222c0       62.161         49.60                 34369.00       0
0xb28b0780        62.211         51.90                 34324.00       0
0x614ee5180       62.174         46.50                 34391.00       0
0xbf0ebd40        62.465         50.50                 34490.00       0
0x1c433e7c0       62.289         50.80                 34776.00       0
0x2ea861a80       62.702         54.40                 34583.00       0
0x254424440       97.337         45.20                 50.00          1
0x1c7a7e000       62.748         52.40                 34717.00       0
0x36cab90c0       62.869         49.60                 34756.00       0
0x14e21bb40       62.933         54.50                 34872.00       0
0x76a3d18c0       62.970         52.30                 35015.00       0
0x56a5bb340       97.999         49.90                 50.00          1
0x6dd0a49c0       86.049         53.40                 12116.00       1
0x6dd0a48c0       63.144         53.30                 35021.00       0
0x1ec460400       63.176         50.90                 35169.00       0
0x5c2316c40       63.377         53.80                 35148.00       0
0xfa36f280        64.097         54.60                 34668.00       0
0x6381ea200       63.528         49.10                 35277.00       0
0x3a8a7d900       63.533         51.70                 35332.00       0
0x7642f8940       63.756         47.00                 35269.00       0
0x3c6ac9cc0       63.888         45.80                 35297.00       0
0x40368bb40       99.301         53.60                 50.00          1
0x5ac8a8b00       64.404         49.40                 35236.00       0
0x21805a600       64.407         45.90                 35273.00       0
0x7678fda80       64.451         49.00                 35384.00       0
0x2675e1c40       64.532         46.50                 35463.00       0
0x72ebea40        64.836         53.60                 35304.00       0
0x595c501c0       64.766         50.90                 35404.00       0
0x2a6d135c0       64.949         45.40                 35556.00       0
0x23550700        65.282         47.10                 35238.00       0
0x670fad780       64.984         45.00                 35676.00       0
0xe27bc300        65.517         51.90                 35258.00       0
0x145270200       65.250         46.70                 35565.00       0
0x61066c700       100.797        50.40                 50.00          1
0x2287cc40        65.363         47.10                 35617.00       0
0x630bef840       65.387         46.20                 35898.00       0
0x3deef19c0       65.841         53.40                 35789.00       0
0x560d61980       66.040         53.70                 35710.00       0
0x2a9ec1400       66.105         51.30                 35735.00       0
0x42bfd49c0       66.306         52.50                 35609.00       0
0x2aeece440       101.899        53.90                 50.00          1
0x3131b90c0       66.419         49.90                 35761.00       0
0x5914e8640       66.667         51.30                 35593.00       0
0x405a3f300       66.929         50.40                 35466.00       0
0x6041f0480       67.040         49.30                 35495.00       0
0x3ba37b5c0       67.153         47.70                 35542.00       0
0x9cd176c0        67.600         51.30                 35265.00       0
0x1f35b6040       67.327         50.40                 35548.00       0
0x4c763b640       67.660         47.00                 35595.00       0
0x403e3740        67.737         50.00                 35628.00       0
0x24287f800       67.683         54.80                 35712.00       0
0x282663a00       67.780         52.40                 35955.00       0
0x46eb46900       67.823         52.40                 36092.00       0
0x24571d180       67.892         46.40                 36183.00       0
0x2098ec880       67.924         50.20                 36331.00       0
0x1671cb1c0       67.983         45.90                 36432.00       0
0x39639b440       68.077         53.60                 36518.00       0
0x6ecd00a00       68.138         51.10                 36637.00       0
0x3cb4ecc40       68.194         53.90                 36761.00       0
0x15d155a80       68.247         50.90                 36888.00       0
0x56b360640       68.576         49.30                 36819.00       0
0x6681eb2c0       68.586         46.70                 36909.00       0
0x1706f81c0       68.608         52.00                 37027.00       0
0x27603f6c0       68.706         53.90                 37109.00       0
0x2a6dd3c80       69.030         54.40                 36965.00       0
0x7b9897c0        69.410         51.10                 36590.00       0
0x6e4211940       69.234         45.40                 36921.00       0
0x9cb29440        69.530         47.20                 36665.00       0
0x656852640       106.279        48.90                 50.00          1
0x11da09e40       69.476         48.60                 37019.00       0
0x2e07695c0       69.921         52.20                 36914.00       0
0x62392f600       70.040         49.50                 36955.00       0
0x65355980        70.092         53.00                 37008.00       0
0x553d34180       107.222        45.10                 50.00          1
0x2a3d1de00       107.229        47.10                 50.00          1
0x2df6dcb00       107.488        47.50                 50.00          1
0x44714bfc0       70.138         54.10                 37717.00       0
0x457274980       70.158         49.10                 37717.00       0
0x7d597100        70.678         53.50                 37252.00       0
0x7daf5f040       70.194         50.50                 37821.00       0
0x226e26f80       70.268         54.50                 37767.00       0
0x4f33a2f00       70.439         46.00                 37616.00       0
0xcdf60ac0        70.505         45.90                 37615.00       0
0x69ce753c0       70.422         47.10                 37773.00       0
0x1a160e380       108.154        54.60                 50.00          1
0x7c18f6ec0       70.532         49.90                 37983.00       0
0x52d7b880        71.044         52.30                 37806.00       0
0x5e1e0e340       70.709         45.80                 38141.00       0
0xe2d383c0        71.149         51.40                 37736.00       0
0x1df0b6e80       70.950         49.80                 38060.00       0
0x4f5300300       71.094         48.50                 38251.00       0
0x470224ac0       71.208         50.70                 38387.00       0
0x107699840       71.259         48.90                 38411.00       0
0x3b531e700       71.345         54.40                 38370.00       0
0x719f21080       71.492         50.90                 38633.00       0
0x5a9aaa2c0       71.498         45.60                 38642.00       0
0x5babb6100       71.568         48.80                 38752.00       0
0x5905492c0       71.574         47.50                 38786.00       0
0x14284c300       71.767         53.50                 38773.00       0
0x11797be00       71.913         50.70                 38952.00       0
0x399d6d0c0       71.921         53.90                 38964.00       0
0x11c41d900       110.955        46.50                 50.00          1
0x7a9c1bb40       72.049         50.00                 38996.00       0
0x66aae1d40       72.104         48.50                 39101.00       0
0x4af648700       72.172         47.20                 39193.00       0
0x147494840       72.277         46.70                 39248.00       0
0x73f7c1240       72.385         46.90                 39300.00       0
0xf84d7c40        72.580         46.80                 39290.00       0
0x70ed55140       72.580         47.30                 39400.00       0
0x14004f740       72.634         45.90                 39586.00       0
0x74eaea480       72.664         46.70                 39661.00       0
0x54e750ec0       72.690         54.30                 39815.00       0
0x69fdace00       72.804         53.10                 39881.00       0
0x470224700       112.651        53.60                 50.00          1
0x4ea7debc0       73.045         52.70                 39820.00       0
0x8bb20dc0        112.896        48.70                 50.00          1
0x7df57a5c0       73.116         50.80                 39929.00       0
0x27ce5fb40       73.290         52.00                 39935.00       0
0x3560a7780       113.210        54.20                 50.00          1
0x218466000       73.418         47.30                 39967.00       0
0x57f42840        73.510         49.70                 39980.00       0
0x42fe3c380       73.456         46.90                 40089.00       0
0x1a0e0de80       73.596         47.20                 40269.00       0
0x306f42b00       73.667         53.40                 40378.00       0
0x71110b840       73.703         53.90                 40522.00       0
0x31494740        73.942         51.40                 40363.00       0
0x335d3fd40       73.919         53.20                 40546.00       0
0x1b3e35a00       74.040         54.90                 40865.00       0
0x60c1bd0c0       74.045         52.70                 40900.00       0
0x59e2711c0       74.108         46.60                 40997.00       0
0xe0f7fb00        74.162         46.20                 40953.00       0
0x54c68af00       74.348         54.90                 41097.00       0
0x3403be700       74.384         50.70                 41231.00       0
0x6a49e0840       74.418         54.70                 41512.00       0
0x2fbe15980       74.432         49.80                 41518.00       0
0xf183a4c0        75.038         54.00                 41282.00       0
0x793b03b00       74.641         54.20                 41744.00       0
0x5f62c38c0       74.645         45.90                 41780.00       0
0x6458cfdc0       74.650         52.00                 41810.00       0
0x59c492680       116.416        47.80                 50.00          1
0x6d651c080       74.729         54.80                 41906.00       0
0x7642b6040       75.119         54.70                 41871.00       0
0x38d536300       75.553         52.40                 41612.00       0
0x7c281d300       75.600         45.60                 41690.00       0
0x5f3b4f40        75.976         50.50                 41354.00       0
0x2e2eec80        76.144         52.40                 41236.00       0
0x32cdda780       76.258         45.40                 41337.00       0
0x497795380       76.302         52.40                 41493.00       0
0x173adcd80       76.536         49.70                 41399.00       0
0x3a64dfb00       76.542         46.30                 41673.00       0
0x148134b00       76.542         48.60                 41693.00       0
0x71cac2480       76.734         53.30                 41681.00       0
0x7c866d240       76.782         54.60                 41813.00       0
0x757deccc0       86.982         51.10                 31793.00       1
0x757dec540       76.947         54.50                 41828.00       0
0x633bdd840       77.020         54.40                 41935.00       0
0x59761e0c0       77.156         51.20                 41969.00       0
0x5e39d4340       119.203        51.20                 50.00          1
0x4128a5280       77.214         52.00                 42091.00       0
0x418056a40       77.316         46.00                 42209.00       0
0x4e3ae1f00       77.333         47.80                 42292.00       0
0x66cf089c0       77.584         46.20                 42201.00       0
0x542bafd40       77.616         47.20                 42329.00       0
0x7cfe2f3c0       77.660         47.50                 42445.00       0
0x57ace24c0       77.700         50.70                 42585.00       0
0x5d4a99e40       120.489        52.20                 50.00          1
0xf1a8c5c0        78.356         51.90                 42284.00       0
0x2526594c0       77.926         53.00                 42799.00       0
0x650c1b300       78.200         45.10                 42545.00       0
0x9a5020c0        78.488         50.40                 42282.00       0
0x2fd27b9c0       78.201         47.30                 42584.00       0
0x5bfb24e40       78.422         51.10                 42723.00       0
0x5dac92600       78.542         46.10                 42943.00       0
0x2dd0d4c80       78.887         52.00                 42778.00       0
0x6041f05c0       121.810        51.10                 50.00          1
0x7bfdfb300       79.006         45.50                 42879.00       0
0x787038040       79.025         50.20                 42980.00       0
0x4a2c60bc0       79.061         48.40                 43104.00       0
0x3dbc69a00       79.096         49.70                 43229.00       0
0x723eec280       79.238         46.90                 43247.00       0
0x40806b680       79.368         50.80                 43357.00       0
0x1061e6640       79.400         52.60                 43480.00       0
0x5a9689900       79.414         45.40                 43586.00       0
0x5f3b4a00        122.959        48.10                 50.00          1
0x3b894a4c0       79.574         53.40                 43601.00       0
0x43181e5c0       79.615         51.50                 43740.00       0
0x45c9a7e80       79.691         45.70                 43819.00       0
0x358823900       79.715         54.70                 43970.00       0
0x44d8a800        123.712        50.10                 50.00          1
0x758235040       79.797         51.10                 44068.00       0
0x5cadb8500       97.094         50.10                 26946.00       1
0x5cadb80c0       79.995         51.20                 44045.00       0
0x5950366c0       80.192         45.30                 44008.00       0
0x3d724f980       80.282         48.90                 44198.00       0
0x3e6da9300       80.286         53.00                 44249.00       0
0x5627349c0       80.366         47.30                 44324.00       0
0x6cb2bb140       80.411         45.10                 44434.00       0
0x24cde1b00       80.463         49.30                 44532.00       0
0xb2fe7b40        80.646         47.20                 44384.00       0
0x54b93d980       80.563         46.00                 44542.00       0
0x10d4eb9c0       80.673         54.70                 44587.00       0
0x6494d9500       80.932         47.10                 44448.00       0
0x5b1f0bcc0       80.940         51.90                 44570.00       0
0x6e4211400       125.518        48.10                 50.00          1
0x3bc22e840       81.010         52.40                 44660.00       0
0x560ee8440       123.134        45.60                 2676.00        1
0x560ee8bc0       81.037         49.30                 44773.00       0
0x52915ec80       81.127         49.00                 44843.00       0
0x2cce99800       81.195         48.20                 44935.00       0
0x2beba9840       81.236         47.60                 45054.00       0
0x5c0a17dc0       81.398         52.40                 45072.00       0
0x776428340       81.547         46.00                 45083.00       0
0x346f8d480       81.698         45.20                 45087.00       0
0x3693a5a00       81.729         46.60                 45216.00       0
0xb5194580        81.852         54.40                 45198.00       0
0x11f31c240       81.758         47.90                 45347.00       0
0x6b1883140       126.254        46.60                 1271.00        1
0x6b1883bc0       81.952         49.70                 45573.00       0
0x2971d6980       81.953         47.40                 45652.00       0
0x881e4c0         82.508         53.60                 45142.00       0
0x67c5ac900       82.034         46.70                 45731.00       0
0x27d6a5900       82.674         47.40                 45431.00       0
0x3cc120680       112.599        49.80                 15666.00       1
0x3cc120200       82.869         45.60                 45396.00       0
0x53ea946c0       82.954         50.90                 45491.00       0
0x1877f2700       128.525        54.20                 50.00          1
0x412af2dc0       83.171         47.10                 45474.00       0
0x1cd3a1940       83.184         51.50                 45641.00       0
0x323cc7900       128.904        53.90                 50.00          1
0x608c23c00       83.210         45.60                 45815.00       0
0x56ff96840       83.222         45.60                 45883.00       0
0x5f0e79e00       83.441         48.50                 45824.00       0
0x10d1f3c00       83.647         52.30                 45798.00       0
0x4b4935400       83.709         48.30                 45896.00       0
0x3bf95cd00       83.820         46.80                 46065.00       0
0x5f2f0e3c0       129.841        45.70                 50.00          1
0x44bb7f780       129.870        46.30                 50.00          1
0x2744b2940       83.836         51.50                 46109.00       0
0x346a6d600       83.888         45.70                 46217.00       0
0x27390d40        84.236         51.30                 45904.00       0
0x74b48d640       84.486         46.70                 45959.00       0
0x79ca0a8c0       84.612         54.00                 46008.00       0
0x788d39800       84.824         51.10                 45976.00       0
0x4a232ac40       84.978         46.90                 45977.00       0
0x45adf70c0       85.023         46.00                 46092.00       0
0x6a0b890c0       85.070         48.50                 46200.00       0
0x63d13e2c0       131.263        49.50                 50.00          1
0x17d679300       85.150         54.00                 46300.00       0
0x119631880       85.282         46.60                 46323.00       0
0xbf8221c0        86.041         46.80                 45689.00       0
0xcaa11580        85.670         54.80                 46075.00       0
0x630952040       85.528         53.40                 46257.00       0
0x3e0d52f40       85.613         49.60                 46447.00       0
0x48c9f2100       85.615         53.20                 46505.00       0
0xf84d7340        132.096        49.60                 50.00          1
0x6f60ed40        86.134         54.80                 46346.00       0
0x2cd15440        86.554         45.80                 45956.00       0
0x747744840       86.300         53.20                 46540.00       0
0x20c528c00       107.821        50.70                 25079.00       1
0x20c5286c0       86.321         46.20                 46579.00       0
0x22b278380       86.632         46.20                 46428.00       0
0x653302c40       86.823         45.10                 46512.00       0
0x7dd4c8c40       86.822         48.80                 46523.00       0
0x5c9a18e40       133.358        48.80                 50.00          1
0xd74538c0        86.969         54.00                 46526.00       0
0x57ae418c0       86.888         47.10                 46637.00       0
0x6d93563c0       87.158         48.80                 46627.00       0
0x405e5e4c0       87.277         51.00                 46678.00       0
0x483c17200       87.380         48.90                 46735.00       0
0x487f76f00       87.458         49.40                 46897.00       0
0x7c6d3bdc0       87.473         51.60                 46982.00       0
0x147494300       134.546        54.20                 50.00          1
0x52812ea00       87.525         47.50                 47090.00       0
0x38686ff00       87.894         53.50                 46901.00       0
0x2f9b18f80       88.053         51.50                 46962.00       0
0x15dbc2a00       88.078         45.20                 47057.00       0
0x1602c5040       88.174         51.00                 47141.00       0
0x70d0c4740       88.473         45.20                 47002.00       0
0x5c1af0340       88.557         48.50                 47078.00       0
0x97abadc0        88.585         45.20                 47220.00       0
0x29d6028c0       88.577         54.10                 47378.00       0
0x508b719c0       88.633         45.10                 47502.00       0
0x7d789f900       88.724         51.20                 47591.00       0
0x7dd517d00       88.933         49.40                 47542.00       0
0xe59ca5c0        89.161         51.80                 47459.00       0
0x505d42100       95.461         49.40                 41174.00       1
0x505d42bc0       89.035         47.50                 47600.00       0
0x44ff21ac0       89.159         45.70                 47836.00       0
0x2a2ba0800       89.184         48.30                 47951.00       0
0x2a6d13300       137.148        50.70                 50.00          1
0x354116bc0       89.206         53.20                 48109.00       0
0x601ac0080       89.325         46.50                 48150.00       0
0x2bde4f980       89.481         49.30                 48154.00       0
0x359459a00       89.588         47.40                 48207.00       0
0x7b51944c0       137.912        49.10                 50.00          1
0x4d1397000       89.633         53.20                 48482.00       0
0x516137100       89.634         48.20                 48501.00       0
0x110b25f40       89.669         49.20                 48626.00       0
0x6e7424800       89.719         49.80                 48736.00       0
0x1a12befc0       89.889         53.70                 48746.00       0
0x2d5d7c500       89.923         48.60                 48872.00       0
0x62fc15700       89.970         54.90                 49005.00       0
0x1572d1180       90.021         48.30                 49194.00       0
0x4d67c2e80       90.026         54.10                 49289.00       0
0xdb1af8c0        90.159         50.90                 49191.00       0
0x6ba4de740       139.303        45.30                 50.00          1
0x7f2f8e840       90.071         51.30                 49424.00       0
0x118dee180       139.741        55.00                 50.00          1
0x55be36280       90.499         53.10                 49356.00       0
0x6052f6fc0       90.570         49.40                 49445.00       0
0x7178eaf00       90.734         51.40                 49471.00       0
0x4f3b72b80       90.752         54.50                 49613.00       0
0x55c4b2280       90.866         50.90                 49689.00       0
0x189887ac0       90.897         53.60                 49778.00       0
0x1a45b7640       90.981         48.10                 49804.00       0
0x745ee3cc0       91.367         52.60                 49483.00       0
0x730a41640       91.524         54.90                 49466.00       0
0x7de0ab00        91.660         50.00                 49425.00       0
0x2c2c31d40       91.668         49.00                 49617.00       0
0x64f6e3080       91.899         50.70                 49531.00       0
0x417d35280       91.988         53.70                 49617.00       0
0x41392f00        92.026         49.20                 49684.00       0
0x63e82c640       92.108         51.10                 49972.00       0
0x4876b9600       92.114         46.10                 49986.00       0
0x63d13e4c0       142.170        51.90                 50.00          1
0x4a1839440       92.241         49.40                 50019.00       0
0x3a2a32040       92.286         45.80                 50134.00       0
0x411598d40       92.354         48.80                 50226.00       0
0x5ea071b80       142.559        54.40                 50.00          1
0x101f19900       92.382         50.00                 50358.00       0
0x12e3f2b80       92.679         48.00                 50221.00       0
0x4400c4c40       92.748         50.10                 50332.00       0
0x149bcb5c0       143.138        53.50                 50.00          1
0x2d7bb3e40       93.205         48.50                 50035.00       0
0x730dace40       143.544        52.10                 50.00          1
0x33da85080       93.524         51.80                 50196.00       0
0x21e2da8c0       93.624         51.90                 50116.00       0
0x6957e3c00       93.582         48.90                 50178.00       0
0x63d13ee00       143.791        53.70                 50.00          1
0x6e7424d40       143.865        54.10                 50.00          1
0x4b66e15c0       93.783         51.20                 50437.00       0
0x36bb478c0       93.496         52.20                 50784.00       0
0x79e37a880       93.578         53.60                 50722.00       0
0x41e562c80       144.408        49.90                 50.00          1
0x184f2200        94.755         48.80                 49705.00       0
0x25769c480       93.939         54.70                 50541.00       0
0x59dc90a80       94.666         53.50                 49994.00       0
0x771d61ac0       94.779         45.50                 50201.00       0
0x407f94080       94.978         48.50                 50162.00       0
0x40f07ec40       95.087         49.40                 50213.00       0
0x13af0b6c0       95.128         50.90                 50352.00       0
0x2dffee6c0       95.166         48.00                 50474.00       0
0x25b15b4c0       95.238         46.50                 50562.00       0
0x511079380       95.447         47.70                 50533.00       0
0x6c434940        95.567         47.70                 50498.00       0
0xef469f80        95.484         45.50                 50586.00       0
0x45b0831c0       95.722         47.60                 50798.00       0
0x7400a4640       95.747         53.60                 50873.00       0
0x55f146200       95.776         47.60                 51004.00       0
0x7bbd2f080       96.075         45.40                 50865.00       0
0x41b14b180       96.176         46.00                 50924.00       0
0x5c3adb240       96.211         48.20                 51049.00       0
0x1dc4d6e00       96.387         45.80                 51028.00       0
0x1af796140       96.412         52.20                 51183.00       0
0x6e7424e80       147.602        47.30                 50.00          1
0x33279a240       96.518         50.40                 51252.00       0
0x8714fb40        96.751         48.20                 51159.00       0
0x5f6c94600       103.779        47.70                 44226.00       1
0x5f6c94340       96.731         52.60                 51274.00       0
0x2c8aef180       96.870         54.70                 51410.00       0
0x60dfb2b00       97.075         52.70                 51355.00       0
0x384361e40       148.446        52.90                 50.00          1
0x4f7fbb140       97.272         46.90                 51283.00       0
0x58d29dc80       97.283         50.20                 51367.00       0
0x2b642e300       97.301         50.20                 51494.00       0
0x418056b00       148.824        52.30                 50.00          1
0x4b3939800       97.348         53.60                 51627.00       0
0x1e6ee4100       97.385         47.80                 51720.00       0
0x7234c9800       97.417         52.30                 51788.00       0
0x65ee390c0       97.791         50.10                 51584.00       0
0x2dce32a00       97.998         47.50                 51537.00       0
0x5a9aaa180       149.618        54.10                 50.00          1
0x29ee913c0       98.039         45.50                 51656.00       0
0x44b3dd540       98.107         46.70                 51748.00       0
0x2a7ebc40        98.146         47.70                 51759.00       0
0x52c053c00       149.927        51.40                 50.00          1
0x25747ba00       98.443         46.40                 51732.00       0
0x4f7de1a40       98.486         46.00                 51849.00       0
0x87ce2680        98.629         53.30                 51811.00       0
0x75a2f2b80       98.623         53.50                 52132.00       0
0x363275980       125.696        45.20                 25159.00       1
0x363275c80       98.646         46.00                 52209.00       0
0x117efa000       98.731         45.30                 52284.00       0
0x77388f3c0       98.810         46.00                 52365.00       0
0x300ebca00       98.865         47.80                 52470.00       0
0x5cd806440       98.915         54.50                 52600.00       0
0x6f659e500       99.027         46.60                 52748.00       0
0x796168700       99.038         47.90                 52797.00       0
0x4462e72c0       99.101         49.30                 52954.00       0
0x2e8dae740       99.128         46.50                 53027.00       0
0x3526796c0       99.321         54.60                 53154.00       0
0x3103408c0       99.337         54.60                 53318.00       0
0x5593f2100       99.341         45.90                 53334.00       0
0x5166597c0       99.409         48.30                 53426.00       0
0x2a381d080       152.787        49.20                 50.00          1
0x3aa678e00       99.456         54.20                 53559.00       0
0x1c66e0180       99.602         51.20                 53593.00       0
0xfb31c1c0        99.892         46.00                 53433.00       0
0x73f97dec0       99.654         52.00                 53716.00       0
0x6f2857300       99.704         46.10                 53841.00       0
0x4d5e7c640       99.720         50.80                 53985.00       0
0x7e94c5140       120.926        54.90                 32934.00       1
0x7e94c5b80       99.863         45.90                 53997.00       0
0x27591ff80       154.024        54.40                 50.00          1
0x349d56c00       100.329        54.90                 53861.00       0
0x367cec80        154.191        51.20                 50.00          1
0x5d356e240       100.415        46.20                 53935.00       0
0x6616c1000       100.568        50.90                 53962.00       0
0xe1ac6540        120.910        47.40                 33740.00       1
0xe1ac6600        100.927        45.90                 53743.00       0
0x6bdcd9f40       100.652        47.60                 54038.00       0
0xa8434a80        100.865        51.60                 53930.00       0
0x3c9798800       100.854        48.70                 54091.00       0
0x55d462600       155.069        45.40                 50.00          1
0x1c3b23000       101.111        48.90                 54229.00       0
0x1bc2d0c40       101.147        47.80                 54348.00       0
0x87479ec0        101.183        48.20                 54402.00       0
0x5a01e200        102.311        48.60                 53439.00       0
0x586ef8380       154.864        46.10                 951.00         1
0x586ef8a00       101.283        49.90                 54532.00       0
0x4d356b100       101.678        50.50                 54317.00       0
0x6bcd93c40       101.780        48.90                 54370.00       0
0x1f048b040       102.131        49.50                 54134.00       0
0x4699e7e80       102.340        45.40                 54085.00       0
0x80d8a540        102.403        50.30                 54147.00       0
0x799314980       102.371        48.80                 54219.00       0
0x5f0e79540       156.805        50.90                 50.00          1
0x3443aac80       102.486        46.70                 54419.00       0
0x610f7fc0        102.618        49.00                 54317.00       0
0x52393f300       102.658        45.50                 54487.00       0
0x5aef333c0       102.803        45.70                 54502.00       0
0x37e350480       102.854        48.80                 54611.00       0
0xa1a958c0        103.198        46.30                 54272.00       0
0x578816500       103.656        52.10                 54149.00       0
0xe15c8b80        103.848        45.70                 53992.00       0
0x31fcee6c0       104.306        45.50                 53819.00       0
0x31a302f80       158.107        53.20                 50.00          1
0x20245bf00       158.160        49.70                 50.00          1
0x53000a240       104.457        50.70                 53848.00       0
0x60fb69f80       158.370        52.60                 50.00          1
0x4e503d340       104.479        47.50                 53986.00       0
0x62a5a3280       104.840        47.70                 53785.00       0
0x1cd624380       105.259        52.30                 53546.00       0
0x376603080       105.577        53.60                 53408.00       0
0x66af7de80       105.701        53.00                 53464.00       0
0x7394eff80       159.158        52.80                 50.00          1
0x22c25aa00       105.757        50.20                 53628.00       0
0x4b38de780       105.783        51.30                 53742.00       0
0x5c71c5b80       156.254        48.10                 3431.00        1
0x5c71c5900       105.867        46.10                 53818.00       0
0x1eea15340       105.905        54.80                 53960.00       0
0x7257bfc00       106.079        48.10                 53946.00       0
0x12baa80c0       160.026        47.30                 50.00          1
0x35dabf600       106.104        49.00                 54081.00       0
0x3f7a8340        106.665        46.50                 53540.00       0
0x76eafc0c0       106.319        49.70                 54026.00       0
0x3be0f25c0       106.457        45.40                 54048.00       0
0x969f0b00        106.923        52.10                 53917.00       0
0x4422a0dc0       106.756        52.60                 54089.00       0
0x2a6096480       160.882        52.80                 50.00          1
0x6f46a5080       106.987        54.50                 54218.00       0
0x786e1fb80       107.049        51.00                 54336.00       0
0x2f6400980       107.264        47.60                 54281.00       0
0x5920ee480       107.396        50.80                 54469.00       0
0x6df306f40       107.402        50.70                 54503.00       0
0x116359900       107.517        45.90                 54648.00       0
0x18c1c26c0       107.526        52.80                 54719.00       0
0x7dea1c0c0       162.218        54.20                 50.00          1
0x3cfb3a500       107.646        51.70                 54779.00       0
0x476ce7f80       107.835        52.20                 54765.00       0
0x8bb20e40        162.598        45.10                 50.00          1
0x154578640       112.105        47.50                 50670.00       1
0x154578480       107.927        54.00                 54848.00       0
0x610f7e00        162.762        49.80                 50.00          1
0x13b0dab40       108.027        45.80                 54908.00       0
0x303f2e580       108.083        48.30                 55012.00       0
0x43674f640       108.146        50.10                 55124.00       0
0x44f2af940       122.315        47.20                 41130.00       1
0x44f2af880       108.475        54.80                 54970.00       0
0x5f64dd7c0       108.603        52.00                 55157.00       0
0x379fbda00       108.606        54.00                 55229.00       0
0x48e62ed80       108.635        48.10                 55310.00       0
0x44a4c1340       108.895        51.00                 55155.00       0
0x4d1234400       108.949        47.00                 55201.00       0
0xd390a0c0        109.791        49.20                 54419.00       0
0x79a343440       108.980        51.80                 55235.00       0
0x2a6dd39c0       164.370        51.00                 50.00          1
0x560485980       109.255        53.90                 55330.00       0
0x37ce65fc0       164.568        51.90                 50.00          1
0x2705a1940       164.697        47.60                 50.00          1
0x185b22e80       109.836        50.60                 54919.00       0
0x2424953c0       109.841        51.30                 54954.00       0
0x252f70600       110.160        51.80                 54955.00       0
0x7c57dcf00       110.161        52.50                 54994.00       0
0x21c894bc0       138.351        51.20                 27124.00       1
0x21c8944c0       110.330        51.50                 55145.00       0
0x7257d0440       110.341        48.70                 55154.00       0
0x44ab0fa80       110.543        49.90                 55112.00       0
0x48fc9a480       110.630        45.90                 55185.00       0
0x3fc96cd80       110.750        48.20                 55225.00       0
0xfcc75440        110.830        50.80                 55225.00       0
0x35a8ca640       110.790        46.50                 55345.00       0
0x3be3604c0       166.419        54.40                 50.00          1
0x3cae31780       111.301        50.70                 55194.00       0
0x76fc71980       153.738        53.80                 12937.00       1
0x76fc71b80       111.327        51.20                 55348.00       0
0x686e500c0       111.402        46.00                 55433.00       0
0xa9d45680        111.523        48.80                 55337.00       0
0x7831d7140       111.473        48.40                 55522.00       0
0x2b8015540       112.042        49.50                 55273.00       0
0x126f64b80       167.342        48.20                 50.00          1
0x2108b72c0       112.201        48.10                 55274.00       0
0x5b806b00        112.319        46.00                 55301.00       0
0x7952b6280       112.222        49.50                 55413.00       0
0x56e851480       112.419        45.70                 55536.00       0
0x20c9f5b00       112.471        50.30                 55784.00       0
0x1dfa8c340       112.481        49.30                 55814.00       0
0x3caefee40       112.584        45.10                 55871.00       0
0x162ec7580       112.658        50.50                 55977.00       0
0x2820bf140       113.108        48.10                 55707.00       1
0x2820bf840       112.946        50.30                 55869.00       0
0x495998600       113.119        46.90                 55976.00       0
0x5bab07a00       113.120        47.50                 56015.00       0
0x2b8f884c0       113.481        48.70                 55854.00       0
0x31b796a80       113.504        50.30                 55971.00       0
0x16ee4ca80       113.596        52.90                 56059.00       0
0x4fcae6c80       113.652        50.30                 56183.00       0
0x754a30600       113.836        47.70                 56159.00       0
0x443ad6b80       113.883        49.20                 56272.00       0
0xfa1afe80        113.975        45.20                 56250.00       0
0x5696c1f00       114.001        53.20                 56494.00       0
0x349747c00       114.355        45.90                 56300.00       0
0x715d16540       114.555        50.60                 56280.00       0
0x1b4085f40       170.787        51.10                 50.00          1
0x5da663300       114.654        49.00                 56381.00       0
0x4ff0b380        115.061        54.30                 56074.00       0
0x7ccd08e40       114.665        52.60                 56510.00       0
0x54b730c00       114.732        45.70                 56603.00       0
0x295d04c0        115.139        48.70                 56211.00       0
0x582364180       114.798        45.30                 56697.00       0
0x36a2361c0       115.000        50.70                 56670.00       0
0x6b0742e40       115.153        53.50                 56827.00       0
0x56dce7880       115.394        54.40                 56631.00       0
0x38c6d6d40       115.520        51.10                 56720.00       0
0x175e4a740       115.587        47.90                 56748.00       0
0x65380f100       115.647        53.00                 56863.00       0
0xb1740ec0        115.794        52.10                 56986.00       0
0x7f5cd8800       115.785        54.10                 57005.00       0
0x6327a0d00       172.818        52.70                 50.00          1
0x619ab7300       115.929        46.90                 57161.00       0
0x76ff9dd00       115.943        48.90                 57227.00       0
0xa2552900        116.191        45.70                 57049.00       0
0x7767949c0       116.194        52.30                 57316.00       0
0x39639b840       173.546        49.00                 50.00          1
0x743bcd340       173.558        51.10                 50.00          1
0x56cb26ac0       116.445        53.10                 57245.00       0
0x946da480        116.714        46.10                 57091.00       0
0x52915e680       173.794        45.80                 50.00          1
0x2a1e99140       116.571        52.70                 57299.00       0
0x78cb01600       116.725        48.50                 57585.00       0
0x2af4f1780       116.731        48.70                 57619.00       0
0xdce814c0        117.215        51.70                 57370.00       0
0x172d5b7c0       116.914        53.80                 57756.00       0
0x547d26980       117.167        51.30                 57538.00       0
0x1c977ba00       149.673        51.20                 25392.00       1
0x1c977b200       117.312        51.70                 57753.00       0
0x12f03e00        175.069        46.70                 50.00          1
0x470f0b200       117.790        50.60                 57595.00       0
0x30aa17340       117.797        53.20                 57648.00       0
0x40fe02400       117.828        53.90                 57777.00       0
0x71b07e940       117.876        47.20                 57889.00       0
0x6f6bf64c0       117.953        49.20                 57972.00       0
0x1ab6ee100       118.187        47.00                 58058.00       0
0x51f445600       118.189        48.20                 58136.00       0
0x3f2c42a40       176.435        46.50                 50.00          1
0x43c0230c0       176.475        47.10                 50.00          1
0x73404ce40       118.207        54.70                 58398.00       0
0x500b9e340       118.215        46.90                 58530.00       0
0x655af70c0       118.208        54.60                 58557.00       0
0x172bcb9c0       118.382        52.00                 58583.00       0
0x7e3031b40       118.413        53.60                 58752.00       0
0x60d1b3dc0       118.439        51.00                 58861.00       0
0x12716b340       118.643        47.80                 58817.00       0
0x37151c080       118.705        51.30                 58925.00       0
0x70ce26a80       118.797        47.70                 58988.00       0
0x215670240       118.842        53.10                 59123.00       0
0x24e5fe7c0       118.878        53.20                 59267.00       0
0x2b0f20740       119.124        54.00                 59236.00       0
0x1051c94c0       119.151        50.60                 59344.00       0
0x5b899500        119.631        52.80                 59029.00       0
0x41cd21040       119.477        51.30                 59198.00       0
0x5cd76d480       178.707        50.50                 50.00          1
0x7aece4e80       119.570        52.30                 59275.00       0
0x47f727140       178.805        45.40                 50.00          1
0xdb2b2c80        119.626        47.70                 59299.00       0
0xfd9dcbc0        119.649        51.20                 59456.00       0
0x79525e00        179.159        46.80                 50.00          1
0x515df4640       119.666        49.20                 59854.00       0
0x71c746940       119.992        52.50                 59663.00       0
0x17c53a6c0       120.041        54.80                 59704.00       0
0x1e4adaf40       120.396        51.10                 59424.00       0
0x6fd4fb700       120.427        49.90                 59748.00       0
0x7d6a570c0       120.534        53.40                 59701.00       0
0x755f18100       120.706        46.60                 59564.00       0
0x6f76fdb00       120.841        48.80                 59589.00       0
0x25ec2f00        120.999        51.20                 59681.00       0
0xfa36f080        180.649        50.60                 50.00          1
0x246cfe7c0       121.005        50.00                 59965.00       0
0x1ae484200       121.013        50.90                 60062.00       0
0x54bed1ac0       121.027        48.20                 60068.00       0
0x6d5236640       181.251        45.20                 50.00          1
0x617fcc240       121.165        53.60                 60210.00       0
0xcbbd8fc0        121.179        52.60                 60226.00       0
0x37a37a780       121.320        51.50                 60315.00       0
0x4bf4f26c0       121.502        47.40                 60293.00       0
0x542c24680       121.550        47.50                 60525.00       0
0x41f42b080       121.567        55.00                 60568.00       0
0x787f82680       182.094        53.60                 50.00          1
0x649d5bb40       121.630        53.70                 60885.00       0
0x508bd0300       121.638        45.10                 60937.00       0
0x593e79440       121.646        53.70                 61009.00       0
0x515ca4380       121.907        47.80                 60908.00       0
0x81fa2800        122.461        53.10                 60494.00       0
0x7d65f8ac0       122.016        52.20                 60979.00       0
0x5e236bc00       182.978        49.70                 50.00          1
0x3b87444c0       147.740        45.20                 35595.00       1
0x3b8744b00       122.689        49.90                 60646.00       0
0x56dce7d80       183.595        45.50                 50.00          1
0x210beba00       122.897        50.00                 60778.00       0
0x6a58866c0       122.907        45.20                 60868.00       0
0x53f942a40       122.908        52.20                 60927.00       0
0x2eae19780       123.209        50.90                 60946.00       0
0x2f1d22780       123.210        47.00                 60965.00       0
0x4b1bc1080       123.364        49.50                 60971.00       0
0x67fed3c40       184.322        53.90                 50.00          1
0x16e18f640       184.440        46.10                 50.00          1
0x5aa1ad3c0       123.698        49.70                 60797.00       0
0x399d6db80       184.502        46.70                 50.00          1
0x1a0683980       123.735        50.30                 60940.00       0
0x1ba72700        184.636        53.90                 50.00          1
0x70683d140       123.825        46.50                 61010.00       0
0x41d7eba40       123.944        54.30                 61091.00       0
0x2b61b1440       123.974        46.10                 61201.00       0
0x44bb7f800       185.268        49.50                 50.00          1
0x2427dfc40       124.008        54.50                 61347.00       0
0x652a22d40       124.306        47.60                 61329.00       0
0x11a28a080       124.320        48.60                 61355.00       0
0x2ddd5a600       185.783        50.10                 50.00          1
0x7649e1680       124.391        53.50                 61459.00       0
0x5dd903080       124.880        48.30                 61125.00       0
0x2b8f88dc0       186.030        54.90                 50.00          1
0x5218b1600       125.041        47.10                 61124.00       0
0x167cf5d00       125.383        54.70                 60957.00       0
0x561a5d140       125.460        47.50                 61040.00       0
0x71c975680       125.698        52.00                 60972.00       0
0x462b17280       125.751        46.60                 61079.00       0
0x177162840       125.804        49.60                 61181.00       0
0x7c290c2c0       125.858        50.60                 61322.00       0
0x43e49cbc0       187.241        49.00                 50.00          1
0x1e62563c0       125.886        53.70                 61499.00       0
0x7b325ee40       125.892        47.20                 61553.00       0
0x3af1ff880       126.016        53.70                 61529.00       0
0x2dd1cb200       126.077        53.10                 61533.00       0
0x76ff9d840       187.777        54.20                 50.00          1
0x5d1067040       126.135        48.40                 61865.00       0
0x516dc35c0       126.165        46.50                 61855.00       0
0x5e709b540       126.279        47.60                 61841.00       0
0x195202640       126.286        47.30                 61934.00       0
0x6368470c0       126.650        45.40                 61730.00       0
0x59ca9100        126.738        52.80                 61667.00       0
0x1221d2000       153.535        51.00                 35125.00       1
0x1221d2c00       126.723        51.90                 61937.00       0
0x54d720940       126.791        52.40                 62129.00       0
0x89d71e40        126.889        48.10                 62121.00       0
0x705086180       127.081        54.10                 62179.00       0
0x7f4925180       127.107        47.40                 62353.00       0
0x4e503d980       189.471        45.10                 50.00          1
0x683743800       189.491        54.50                 50.00          1
0x5772e5cc0       127.141        52.50                 62459.00       0
0x1b43e6cc0       127.153        46.90                 62607.00       0
0x4a9e8e300       189.760        52.10                 50.00          1
0x87ce2bc0        189.870        47.10                 50.00          1
0x1b43e6bc0       189.876        49.20                 50.00          1
0x668195d00       127.232        50.00                 62808.00       0
0x23cb49d80       127.238        51.60                 62862.00       0
0x53c93ac80       127.277        45.80                 62983.00       0
0x215f0fac0       127.306        46.10                 63114.00       0
0x3b3697fc0       127.373        46.30                 63267.00       0
0x381430b80       127.402        52.20                 63358.00       0
0x65e879e40       128.160        49.30                 62780.00       0
0x276d02040       128.178        49.60                 62902.00       0
0x1d6a6300        128.524        47.00                 62596.00       0
0x40b478c0        128.266        48.70                 62924.00       0
0x460f3ba80       128.239        48.30                 63021.00       0
0x93ac5380        191.632        52.40                 50.00          1
0x3d16bf880       128.909        52.20                 62831.00       0
0x7a2cff3c0       129.019        46.50                 62881.00       0
0x68ae55fc0       129.174        50.60                 62991.00       0
0x77c04ca40       129.189        46.20                 63036.00       0
0x5f752f380       192.178        49.30                 50.00          1
0x3b66b3d40       129.422        53.20                 62983.00       0
0x2c3e10500       129.595        53.80                 62990.00       0
0x202630e00       129.663        54.30                 63102.00       0
0x2dd1cb680       192.944        54.00                 50.00          1
0x6f5635880       129.705        52.10                 63380.00       0
0x46778c080       129.708        50.40                 63402.00       0
0x5a5f98880       189.541        50.20                 3789.00        1
0x5a5f98240       129.812        51.70                 63518.00       0
0x4b3939b40       193.332        49.10                 50.00          1
0x2192e4a40       129.837        53.90                 63628.00       0
0x1ce3b5e80       130.017        45.40                 63603.00       0
0x106856780       130.104        46.60                 63676.00       0
0xacaa07c0        130.788        49.00                 63062.00       0
0x3d0ae6700       130.617        54.60                 63338.00       0
0x2203d9e00       130.783        47.40                 63407.00       0
0x1dd86a440       130.899        52.10                 63541.00       0
0x2b018cbc0       194.487        49.70                 50.00          1
0x4d3130940       131.002        47.20                 63598.00       0
0x536b0ee80       131.277        47.00                 63483.00       0
0x1544ec0         131.436        47.80                 63409.00       0
0x283424900       131.510        49.00                 63560.00       0
0x49ad6e80        131.751        45.40                 63404.00       0
0x485b6f280       131.769        50.40                 63516.00       0
0x46f993640       131.979        51.40                 63421.00       0
0x41318dec0       132.002        50.40                 63608.00       0
0x1f6680600       140.723        49.30                 55012.00       1
0x1f6680f00       132.060        45.30                 63675.00       0
0x20245bd40       195.711        50.80                 50.00          1
0x354523700       132.329        54.70                 63546.00       0
0x65cd66c0        132.483        46.30                 63552.00       0
0x647916200       148.539        48.00                 47716.00       1
0x6479165c0       132.652        53.70                 63603.00       0
0x5a91f23c0       132.458        51.90                 63857.00       0
0x181dfc6c0       132.878        49.70                 63657.00       0
0x2e6ee0100       132.898        48.70                 63757.00       0
0x75293e980       132.956        52.00                 63879.00       0
0x68531b80        133.014        49.40                 63851.00       0
0x277f82e80       133.084        47.60                 64071.00       0
0x6a3e3ea40       197.298        46.00                 50.00          1
0x116b96200       133.131        49.30                 64264.00       0
0x6285111c0       133.135        45.60                 64380.00       0
0x271583840       133.158        45.50                 64477.00       0
0xe2ebd680        133.349        54.60                 64381.00       0
0x36cab9a40       197.683        52.30                 50.00          1
0x456eb0380       133.273        45.30                 64522.00       0
0x610d4e5c0       133.642        45.40                 64573.00       0
0x572059300       133.654        53.70                 64661.00       0
0x8dd61040        134.036        50.70                 64439.00       0
0x7c4bc2c00       133.959        51.90                 64536.00       0
0x5babb6200       198.567        54.80                 50.00          1
0x1d09ea980       188.540        52.40                 10155.00       1
0x1d09ea900       133.998        47.40                 64697.00       0
0x703d71f00       134.018        48.80                 64857.00       0
0x71e44d080       134.191        51.60                 64984.00       0
0x53cf56d40       198.016        52.10                 1339.00        1
0x53cf56580       134.285        54.10                 65070.00       0
0x388594040       134.388        47.80                 65127.00       0
0x20bdff540       134.456        51.90                 65239.00       0
0x2b76de9c0       134.592        53.50                 65343.00       0
0x3632e9180       199.945        50.90                 50.00          1
0x46f849f00       134.605        54.40                 65450.00       0
0x21e6cee00       134.650        49.30                 65565.00       0
0x4262c5940       134.763        49.60                 65612.00       0
0x7c86ac980       134.815        53.80                 65740.00       0
0x142c911c0       134.892        52.40                 65883.00       0
0x8d7af480        174.836        54.90                 25984.00       1
0x19990b40        135.254        48.60                 65631.00       0
0x136264b80       134.916        48.60                 65979.00       0
0x8d7afb40        135.372        52.40                 65693.00       0
0x4e7c9d40        135.441        54.00                 65844.00       0
0x26c176a40       135.484        52.70                 66111.00       0
0x444d1e400       135.533        49.30                 66217.00       0
0x161ab5900       135.981        52.60                 65949.00       0
0x195c67e00       136.034        46.10                 66051.00       0
0x3054f87c0       136.134        47.20                 66111.00       0
0x1b7a88000       136.221        48.90                 66174.00       0
0x3454f7800       136.288        54.20                 66287.00       0
0x6c046b000       136.384        54.70                 66426.00       0
0x77630ed40       136.405        45.30                 66495.00       0
0x2d686b5c0       136.526        49.80                 66494.00       0
0x1b4ab2d40       136.679        51.90                 66431.00       0
0x1c94d7340       136.736        51.80                 66594.00       0
0x6b3613480       136.747        51.40                 66798.00       0
0x66e6968c0       137.149        46.80                 66476.00       0
0x6694814c0       137.194        48.00                 66451.00       0
0x5c712f280       137.233        47.10                 66572.00       0
0x575ba0040       137.445        50.70                 66540.00       0
0x1771623c0       203.991        45.40                 50.00          1
0x7d2354000       137.771        45.40                 66374.00       0
0x3de0e2340       137.972        52.40                 66493.00       0
0x5ae199240       137.987        50.40                 66518.00       0
0x5f4303900       138.048        50.10                 66637.00       0
0x53652a7c0       138.080        53.60                 66785.00       0
0x36abec900       138.172        46.30                 66853.00       0
0x3e7c5cdc0       138.349        45.10                 66956.00       0
0x1053c1400       138.355        50.80                 67010.00       0
0x794860900       138.395        52.00                 67170.00       0
0x35ec360c0       138.425        47.90                 67280.00       0
0x4ac212d00       138.463        45.20                 67402.00       0
0x27f4c8380       138.673        49.20                 67352.00       0
0x354434640       206.009        47.10                 50.00          1
0x188ce7cc0       138.888        49.10                 67417.00       0
0x21db37ec0       138.901        51.10                 67604.00       0
0x167608d40       138.908        49.60                 67617.00       0
0x45c9a7100       206.616        48.30                 50.00          1
0x2a8ed6e40       139.032        47.40                 67653.00       0
0x5619d7580       182.621        45.70                 24564.00       1
0x5619d7b00       139.315        51.70                 67870.00       0
0x5dd201000       139.319        50.90                 67966.00       0
0x54e5e2340       139.320        49.10                 67985.00       0
0x4fc4f49c0       139.341        53.90                 68184.00       0
0x6cc8be580       156.926        50.20                 50619.00       1
0x6cc8be1c0       139.341        48.50                 68204.00       0
0x1d318a580       139.486        54.50                 68319.00       0
0x54e5e2140       207.789        54.80                 50.00          1
0x326211b40       139.503        49.70                 68382.00       0
0x1d6212700       139.613        48.80                 68432.00       0
0x67c8a8e40       139.877        53.70                 68348.00       0
0x552acbc0        140.119        51.90                 68236.00       0
0x2591cc240       140.043        46.50                 68342.00       0
0x4ca57600        140.315        47.90                 68385.00       0
0x658c30e40       140.159        47.50                 68566.00       0
0x69be96300       140.305        54.10                 68700.00       0
0x315d09240       140.348        52.10                 68897.00       0
0x43181e5c0       209.474        52.60                 50.00          1
0x56f30e0c0       140.508        51.10                 69137.00       0
0x2e8b40ac0       185.786        51.40                 23879.00       1
0x2e8b40140       140.582        46.80                 69083.00       0
0x6df306400       209.654        48.00                 50.00          1
0x58c731c00       140.608        45.80                 69137.00       0
0x305837d80       140.918        54.80                 69102.00       0
0x74299dbc0       140.941        49.30                 69139.00       0
0x43585fd00       140.988        52.80                 69267.00       0
0x4e3c38500       141.161        53.50                 69269.00       0
0x192488740       180.181        48.70                 30464.00       1
0x192488d80       141.231        53.40                 69414.00       0
0x37a50b680       141.246        45.70                 69494.00       0
0x5f5c236c0       141.349        53.00                 69526.00       0
0x61617ee80       141.373        47.00                 69572.00       0
0x7fdb6c380       141.400        49.90                 69580.00       0
0x3b894aec0       211.070        52.30                 50.00          1
0x6dad8d580       141.544        45.80                 69816.00       0
0x362d780c0       141.475        50.90                 69920.00       0
0x61c3c41c0       141.690        48.90                 69745.00       0
0x18e751240       141.757        51.50                 69858.00       0
0x1bba88a80       141.791        47.10                 69984.00       0
0x76fd2df40       141.990        53.30                 69965.00       0
0x7373bd580       142.040        51.20                 70095.00       0
0x2c8f0f8c0       142.353        51.50                 69962.00       0
0x6774b6c40       142.409        45.90                 70066.00       0
0x5cd8066c0       212.559        51.00                 50.00          1
0x5a998db80       142.438        46.80                 70197.00       0
0x46dbb3900       142.901        50.30                 69914.00       0
0x786efa240       143.047        45.70                 69928.00       0
0x4fa2c9d40       143.748        47.90                 69387.00       1
0x4fa2c9540       143.194        49.80                 69941.00       0
0x56f44ac80       143.379        54.30                 69936.00       0
0x2941d5540       143.728        45.90                 69747.00       0
0x678fcd600       143.861        54.10                 69794.00       0
0x704dee580       144.215        45.90                 69600.00       0
0x20449e880       144.276        46.20                 69699.00       0
0x1596efb00       144.313        49.80                 69822.00       0
0x2baae4640       144.564        52.10                 69751.00       0
0x3b1152c40       144.605        52.50                 69890.00       0
0x7b1e30c80       144.642        54.20                 70033.00       0
0x756d8e5c0       144.676        49.00                 70279.00       0
0x7aa444540       144.678        53.70                 70337.00       0
0x32fd1a0c0       144.802        49.10                 70373.00       0
0x5c5d74a40       144.872        51.30                 70483.00       0
0x4d9a5b500       145.032        50.80                 70503.00       0
0x60ae65d40       145.406        51.80                 70309.00       0
0x4fc42e240       145.624        48.50                 70251.00       0
0x2bc568980       145.703        48.80                 70332.00       0
0x4018e9b80       145.744        48.80                 70451.00       0
0x31f96c40        145.817        51.50                 70433.00       0
0x3b604e3c0       145.824        50.40                 70731.00       0
0x6f7f88c0        146.413        53.60                 70297.00       0
0x48407e1c0       145.990        46.60                 70725.00       0
0x73ba80f00       146.070        50.30                 70825.00       0
0x56f44a8c0       216.950        51.80                 50.00          1
0x495998840       217.072        54.50                 50.00          1
0x766a18b40       147.021        53.40                 70314.00       0
0x62955e940       147.038        51.60                 70397.00       0
0x37345d600       205.614        48.20                 12001.00       1
0x37345d000       147.077        52.10                 70538.00       0
0x49fb87540       147.116        53.50                 70679.00       0
0x25b399b00       147.327        48.80                 70623.00       0
0x36bb35c0        147.702        49.60                 70308.00       0
0x18b734800       147.385        52.60                 70740.00       0
0x5f43ac440       147.525        50.90                 70775.00       0
0x7ac689280       147.641        47.60                 70814.00       0
0x7b69f1b40       147.902        46.60                 70748.00       0
0x5a69db200       148.254        47.40                 70696.00       0
0x70d161340       148.004        47.30                 70971.00       0
0x363778100       148.094        53.40                 70921.00       0
0x7972f000        148.598        47.50                 70582.00       0
0x155167fc0       148.451        48.10                 70744.00       0
0x3984e93c0       148.546        51.50                 70729.00       0
0x776428a00       219.237        49.60                 50.00          1
0x18ec3f100       148.920        48.10                 70675.00       0
0x3637f2600       149.019        51.80                 70736.00       0
0x407502300       149.075        51.20                 70850.00       0
0x792ac7600       149.180        47.20                 70905.00       0
0x1908922c0       149.267        49.10                 71038.00       0
0x20abb5f80       149.286        52.80                 71139.00       0
0x405e5ee80       220.434        53.30                 50.00          1
0x601c7d80        220.536        52.20                 50.00          1
0x2fb408b80       149.421        53.40                 71184.00       0
0x2f550bd00       149.425        48.20                 71340.00       0
0x131846000       149.562        49.30                 71363.00       0
0x2ace2fb80       149.715        47.80                 71490.00       0
0x432830580       149.731        54.70                 71534.00       0
0x70d9af40        150.233        46.40                 71302.00       0
0x6d4c79540       150.224        47.80                 71321.00       0
0x512010840       150.478        54.10                 71287.00       0
0x50456cd80       150.713        49.80                 71212.00       0
0xbf555640        150.743        50.50                 71327.00       0
0x5f6c94340       222.037        50.60                 50.00          1
0x771d61e00       222.133        48.40                 50.00          1
0x7050861c0       222.165        51.00                 50.00          1
0x5f43034c0       222.244        54.10                 50.00          1
0x3b4790140       150.734        46.90                 71691.00       0
0x4c98e4b80       150.741        52.80                 71784.00       0
0x3c4458140       150.758        46.40                 71847.00       0
0x297d91b40       150.899        45.30                 71866.00       0
0x1a3354e40       150.933        53.20                 72012.00       0
0x7e8e69a80       151.010        52.30                 72155.00       0
0x3431f2a80       151.035        50.80                 72270.00       0
0xe08f4440        151.306        54.80                 72179.00       0
0x273bdb080       151.085        54.40                 72400.00       0
0x2a1b50b80       151.166        54.80                 72499.00       0
0x3df6de840       151.350        52.20                 72775.00       0
0x5ae6569c0       151.365        49.00                 72815.00       0
0x154578d40       224.190        52.90                 50.00          1
0x71ed54f40       151.440        54.20                 72915.00       0
0x5c7d5bb80       151.843        54.20                 72692.00       0
0x66493b480       151.883        46.00                 72812.00       0
0x2f6cdb3c0       151.960        50.50                 72970.00       0
0x3510b4940       151.980        54.20                 73070.00       0
0xd57f72c0        152.451        53.80                 72744.00       0
0x5263ff800       152.148        48.70                 73062.00       0
0x4e1bae300       152.284        54.00                 73096.00       0
0x347e25180       188.453        50.90                 37082.00       1
0x347e25200       152.332        48.90                 73203.00       0
0x4c1cb0b40       152.453        50.10                 73437.00       0
0x227cfe780       225.957        49.20                 50.00          1
0x6e1d03780       152.613        48.30                 73432.00       0
0x535407540       152.769        46.00                 73436.00       0
0x66ff97e80       152.812        46.30                 73553.00       0
0x640c52840       152.832        51.70                 73628.00       0
0x201738f80       152.868        54.50                 73812.00       0
0x27e71bd00       152.889        50.10                 73866.00       0
0x542c24280       226.847        45.80                 50.00          1
0x576ac5bc0       153.106        50.30                 73809.00       0
0x13466b500       167.562        48.10                 59453.00       1
0x13466ba80       153.145        50.10                 73870.00       0
0x629b89e80       162.451        52.20                 64724.00       1
0x629b896c0       153.214        54.50                 73961.00       0
0x4c09ad780       153.288        48.80                 74227.00       0
0x5a2b81180       153.298        46.80                 74237.00       0
0x745ee3480       227.565        51.50                 50.00          1
0x386bc8cc0       153.321        51.90                 74354.00       0
0x725e7e700       227.651        54.70                 50.00          1
0x3b9aef00        153.444        52.20                 74341.00       0
0x230b53d80       153.492        50.90                 74543.00       0
0x38680ee40       153.549        49.60                 74646.00       0
0x477467480       153.596        53.60                 74779.00       0
0x500a52d40       153.640        50.10                 74915.00       0
0x645354780       153.820        45.40                 74895.00       0
0x61da4afc0       153.942        51.70                 74953.00       0
0x38e1bcd80       154.102        47.90                 74953.00       0
0x601c7fc0        229.052        49.60                 50.00          1
0x797d6da40       229.110        46.70                 50.00          1
0x2aeab140        229.135        51.80                 50.00          1
0x485e7d480       154.194        54.80                 75041.00       0
0x4977959c0       229.318        46.40                 50.00          1
0x54920cd40       154.285        47.40                 75110.00       0
0x37a79c440       154.325        51.00                 75250.00       0
0x7dc904840       154.536        49.70                 75199.00       0
0x6814cdc80       197.329        46.90                 32566.00       1
0x6814cdf00       154.595        49.00                 75300.00       0
0x583be7240       154.623        52.30                 75452.00       0
0x444d1e5c0       230.026        50.90                 50.00          1
0x78a5a6ec0       155.149        45.00                 75086.00       0
0x4026e0ac0       192.605        48.60                 37830.00       1
0x4026e01c0       155.284        53.70                 75151.00       0
0x13c08480        204.524        53.30                 26071.00       1
0x4e48124c0       155.313        54.60                 75282.00       0
0x13c089c0        156.025        48.60                 74725.00       0
0x626fe4380       155.480        45.20                 75275.00       0
0x3af5a1100       155.985        45.20                 75050.00       0
0x737d81f80       191.866        52.20                 39389.00       1
0x737d81540       156.149        52.50                 75106.00       0
0x2c6d11c00       156.196        54.20                 75399.00       0
0x6f45c7a80       156.206        54.40                 75489.00       0
0x63b6bef80       165.536        47.40                 66259.00       1
0x63b6be900       156.222        54.50                 75573.00       0
0x13e0c9640       225.758        51.40                 6197.00        1
0x13e0c9ec0       156.271        45.90                 75684.00       0
0x730daca80       231.983        48.40                 50.00          1
0x29fcd3e00       156.342        53.50                 75793.00       0
0x745ee3480       232.105        47.80                 50.00          1
0x51999f600       156.448        54.90                 76067.00       0
0x3cc155280       156.453        52.80                 76122.00       0
0x16311c000       156.469        50.10                 76206.00       0
0x3b3fed180       156.506        47.70                 76399.00       0
0x77e561c0        156.776        51.90                 76144.00       0
0x5920ee140       232.877        52.00                 50.00          1
0x65cb20440       156.520        50.60                 76485.00       0
0x1a4ca2680       156.543        47.20                 76622.00       0
0x765275200       156.613        46.70                 76707.00       0
0x50510fc00       233.325        50.80                 50.00          1
0x1bd0f2200       156.689        52.70                 76806.00       0
0x2c4554c80       156.966        47.00                 76864.00       0
0x30cf27540       157.033        51.80                 76972.00       0
0x72188cb40       157.111        46.50                 77104.00       0
0x702f5f380       157.118        49.70                 77137.00       0
0x6ff0f08c0       157.127        51.10                 77183.00       0
0x281dc7ec0       157.266        46.00                 77084.00       0
0x6616c1400       234.422        53.30                 50.00          1
0x4d63e9840       157.666        46.90                 76914.00       0
0x28c31a780       157.871        45.70                 76779.00       0
0x689988bc0       157.991        49.90                 76819.00       0
0x4a132e500       234.902        50.60                 50.00          1
0x56b5466c0       158.149        54.60                 76821.00       0
0x1c6bb740        158.207        51.90                 76783.00       0
0x182a09dc0       158.235        47.10                 77255.00       0
0x456529180       158.251        53.50                 77339.00       0
0x2d8bdbf80       158.264        49.40                 77406.00       0
0x56e477740       158.281        47.70                 77529.00       0
0xef893b80        158.840        45.40                 77020.00       0
0x71b07e040       235.907        51.50                 50.00          1
0x11ee73e40       158.936        52.40                 77334.00       0
0x7c98ac180       158.955        46.60                 77375.00       0
0x1a33548c0       236.381        46.40                 50.00          1
0x3f9f763c0       158.963        48.90                 77507.00       0
0x37248b240       159.179        45.00                 77446.00       0
0x486f7b580       159.265        47.30                 77520.00       0
0x845b62c0        159.725        51.50                 77080.00       0
0x7178e42c0       159.521        51.90                 77444.00       0
0x1a0683cc0       236.969        47.40                 50.00          1
0x14122f740       159.791        46.80                 77514.00       0
0x6d0718180       159.988        54.90                 77497.00       0
0x29124840        160.100        46.90                 77555.00       0
0x1144f7880       160.035        52.40                 77630.00       0
0x641461fc0       160.105        51.40                 77900.00       0
0x6f7b7cc0        160.153        53.60                 77902.00       0
0x534422d40       160.575        51.10                 77790.00       0
0x1d3c27280       200.386        46.60                 38159.00       1
0x1d3c27300       160.748        54.20                 77797.00       0
0x542c24f40       238.627        53.60                 50.00          1
0x70dd2fd00       160.868        52.80                 77857.00       0
0x7bbd2f7c0       238.796        47.80                 50.00          1
0x200390080       160.906        51.60                 77999.00       0
0x170a06780       160.965        46.60                 78100.00       0
0xeac4be00        219.463        49.70                 19817.00       1
0x44b91580        161.171        54.00                 78119.00       0
0xeac4bec0        161.011        51.80                 78284.00       0
0x7e8762800       161.001        47.90                 78364.00       0
0x72a6a67c0       161.090        45.30                 78475.00       0
0x3a3ea73c0       161.221        46.90                 78769.00       0
0x6ff405a00       161.232        46.00                 78818.00       0
0x59dc90c00       240.119        50.20                 50.00          1
0x57b1d2940       161.280        47.70                 78970.00       0
0x7828e2980       161.302        50.60                 79088.00       0
0x3cc855d00       161.355        52.20                 79205.00       0
0x204c79ac0       161.443        46.80                 79272.00       0
0x5b1c36c0        161.872        52.50                 79103.00       0
0x648f807c0       161.619        45.60                 79371.00       0
0x4fc42e580       240.968        46.70                 50.00          1
0x7ea31d680       161.622        47.70                 79408.00       0
0x6d78d5580       161.656        53.40                 79549.00       0
0x6e9dacec0       161.886        51.40                 79809.00       0
0x531a0e540       171.798        52.70                 69917.00       1
0x531a0e9c0       161.888        46.90                 79827.00       0
0x2e68289c0       162.000        54.10                 79875.00       0
0x776794bc0       241.963        53.90                 50.00          1
0x7c9646e00       162.034        50.10                 79981.00       0
0x22c84dc40       162.057        52.30                 80058.00       0
0x63e98b800       162.075        54.40                 80070.00       0
0x38aa9c40        162.141        53.90                 80264.00       0
0x1053c1a80       242.381        45.70                 50.00          1
0x6941f76c0       162.103        54.70                 80342.00       0
0x24362f540       162.384        53.40                 80261.00       0
0xdc3a4580        162.457        51.90                 80338.00       0
0x3bf08fb40       162.440        54.40                 80465.00       0
0x42c421f80       162.603        53.80                 80597.00       0
0x3b6888a80       162.635        50.30                 80860.00       0
0x72d64c200       182.309        50.10                 61206.00       1
0x72d64ce00       162.638        48.20                 80877.00       0
0x42bfd4280       243.589        53.10                 50.00          1
0xfcf9100         162.954        51.00                 80686.00       0
0x76e2d5ac0       162.725        50.70                 80970.00       0
0x273bdb1c0       243.745        46.30                 50.00          1
0x17d900980       162.934        46.20                 81021.00       0
0x64505c200       163.096        50.50                 81119.00       0
0x4f3d30440       244.169        51.50                 50.00          1
0x40b611600       163.350        47.30                 81025.00       0
0x26b5d8c0        163.651        47.80                 80874.00       0
0x59f19fa00       163.401        48.60                 81134.00       0
0x2e2685d40       163.915        51.30                 80960.00       0
0x72271d680       165.935        54.40                 79100.00       1
0x72271d700       163.949        50.00                 81086.00       0
0x183568ac0       245.050        46.60                 50.00          1
0x765f6e5c0       164.025        53.50                 81190.00       0
0x4dbfab640       164.113        48.20                 81262.00       0
0x77030d080       164.247        54.50                 81408.00       0
0x2c0a7c2c0       164.261        45.80                 81514.00       0
0x20b71b00        164.294        50.00                 81661.00       0
0x37784e840       245.998        48.60                 50.00          1
0x13d35a200       164.272        45.90                 81803.00       0
0x4bbbc97c0       164.283        48.40                 81852.00       0
0x4eb5e3900       164.333        48.60                 82042.00       0
0x7c5520840       164.358        52.00                 82237.00       0
0x53e348580       164.381        53.10                 82334.00       0
0x9ba27f80        164.474        48.50                 82451.00       0
0xcbbd8200        246.884        45.60                 50.00          1
0x47388c6c0       164.492        47.90                 82543.00       0
0xb7324d00        164.637        51.80                 82433.00       0
0x615108840       164.919        48.30                 82456.00       0
0x3f112eb80       165.347        48.10                 82343.00       0
0x407a15040       165.348        45.20                 82417.00       0
0x50c01ee40       165.352        50.00                 82533.00       0
0x7c2243b00       247.861        49.10                 50.00          1
0xe8787c80        165.460        47.30                 82535.00       0
0x509059180       165.379        45.50                 82621.00       0
0x2ef3ff40        165.502        45.70                 82768.00       0
0x64505cd00       248.284        51.90                 50.00          1
0x7698db740       248.329        47.20                 50.00          1
0x4978a97c0       165.524        46.30                 82941.00       0
0x776794e80       248.421        53.00                 50.00          1
0x3f189ea40       166.042        54.40                 82603.00       0
0x258640580       166.186        46.50                 82734.00       0
0x7e8d63b00       166.191        47.50                 82769.00       0
0x1a6e69580       166.309        49.40                 82806.00       0
0x3deee3b80       248.965        53.20                 330.00         1
0x3deee3240       166.408        51.40                 82887.00       0
0x71a4e5e40       166.483        45.60                 82972.00       0
0x252142ec0       166.605        54.60                 83020.00       0
0x435e6f700       167.030        49.10                 82775.00       0
0xb30baf40        167.050        51.10                 82765.00       0
0x37f8c1640       167.068        50.00                 82847.00       0
0x6d3575640       167.424        45.90                 82866.00       0
0x520a79dc0       167.354        45.40                 82966.00       0
0x19a33b800       167.358        54.90                 83007.00       0
0x1e4ada380       250.473        48.40                 50.00          1
0x457e53ec0       167.648        54.10                 82882.00       0
0x5e251b480       250.615        45.40                 50.00          1
0x57842f240       167.670        49.60                 83140.00       0
0x7934d5340       167.684        48.60                 83146.00       0
0x4ea576740       167.946        47.60                 83044.00       0
0xf18e2c40        168.031        52.70                 83039.00       0
0x21a6dc00        168.134        47.80                 83091.00       0
0x1fb78c200       168.328        48.40                 83162.00       0
0x2b5279fc0       168.440        53.10                 83290.00       0
0x48c9f2b00       251.682        51.70                 50.00          1
0x6f3fcb300       168.461        54.70                 83389.00       0
0xcfa64440        168.660        54.50                 83305.00       0
0x3587da180       168.565        47.10                 83445.00       0
0x14386400        168.787        54.30                 83508.00       0
0x719931ec0       168.738        51.30                 83617.00       0
0x2e6a4ca00       252.453        45.40                 50.00          1
0x732cdaf40       168.987        46.20                 83708.00       0
0x621b14c00       169.025        53.40                 83850.00       0
0x621b149c0       252.921        49.30                 50.00          1
0x63edf4740       169.083        46.30                 83952.00       0
0xdc082d40        169.116        45.80                 83989.00       0
0x5ed5fa200       169.274        49.30                 84081.00       0
0x69c8140c0       169.438        55.00                 84192.00       0
0x744a89280       253.717        53.50                 50.00          1
0x283424f00       253.768        45.80                 50.00          1
0x28b2e5480       169.462        46.20                 84373.00       0
0x355c95780       207.725        52.90                 46130.00       1
0x355c95740       169.473        46.10                 84382.00       0
0x5f1aee180       169.547        52.50                 84488.00       0
0x2577c7000       170.143        45.60                 84052.00       0
0x6abed5b40       170.284        52.20                 84091.00       0
0x168f00780       170.473        49.30                 84062.00       0
0x54d720080       254.546        50.00                 50.00          1
0x75f122900       170.530        50.40                 84185.00       0
0x498773fc0       170.783        52.30                 84112.00       0
0x5986c7b80       170.883        47.70                 84172.00       0
0x701f94740       171.013        51.60                 84222.00       0
0x3d787c0c0       171.137        53.60                 84278.00       0
0x481a15100       171.255        51.30                 84340.00       0
0x7400a4a00       255.593        46.40                 50.00          1
0x772d5f480       255.653        46.90                 50.00          1
0x7e0503900       171.311        52.50                 84464.00       0
0xada0c4c0        255.810        46.70                 50.00          1
0x505a4d080       171.353        45.00                 84937.00       0
0x7a9c1be40       256.254        52.40                 50.00          1
0x3a1a31a00       171.447        52.00                 84973.00       0
0x385d03500       171.629        45.80                 84851.00       0
0x5d002bd40       171.548        52.60                 84952.00       0
0xb1740440        256.546        51.50                 50.00          1
0x17f1f0200       171.734        52.50                 84886.00       0
0x5c3510c00       171.792        48.20                 84988.00       0
0x4729be440       171.820        45.40                 85110.00       0
0x4ebbf3880       171.848        46.40                 85242.00       0
0x6928d080        172.687        53.10                 84448.00       0
0x2d7feec40       227.113        49.60                 30157.00       1
0x2d7fee380       172.023        52.00                 85247.00       0
0x2a5a46900       172.146        54.00                 85289.00       0
0x2f5b89b00       172.242        45.10                 85293.00       0
0x11c41d980       257.553        54.10                 50.00          1
0x57f34b880       172.350        49.60                 85265.00       0
0x323cc7580       257.918        54.90                 50.00          1
0x21db37040       258.001        49.60                 50.00          1
0x53628af40       172.897        47.70                 85188.00       0
0x7f0960640       172.796        54.40                 85349.00       0
0xf18e29c0        258.103        51.90                 50.00          1
0x5a5f98f80       258.216        54.30                 50.00          1
0x3f27fe140       172.979        53.20                 85326.00       0
0x211581b00       172.985        45.40                 85340.00       0
0xfd966680        173.255        53.30                 85240.00       0
0x4f5372d80       173.096        52.40                 85409.00       0
0xfd966dc0        178.989        51.10                 79601.00       1
0x133935780       173.297        45.10                 85558.00       0
0x652af1600       173.320        51.50                 85675.00       0
0x11ddfbb40       173.364        52.60                 85811.00       0
0x7a67fe200       256.722        52.20                 2633.00        1
0x7a67fe600       173.498        51.10                 85857.00       0
0x134303ec0       259.331        49.50                 50.00          1
0x39ba84040       173.880        48.90                 85635.00       0
0x37f624f00       174.219        45.10                 85456.00       0
0x407a15000       259.865        48.00                 50.00          1
0x30317dc80       174.259        51.90                 85676.00       0
0x4a05ca440       174.276        47.70                 85739.00       0
0x638005440       174.887        50.60                 85308.00       0
0x58d403780       174.984        45.20                 85371.00       0
0x7e4ff3c80       241.704        51.70                 18811.00       1
0x7e4ff38c0       175.116        46.10                 85399.00       0
0x5027de740       175.240        47.20                 85535.00       0
0x4591b7b80       175.248        51.90                 85607.00       0
0x24e341a40       175.443        49.00                 85572.00       0
0x4f7f4e180       175.515        54.20                 85680.00       0
0x56b5464c0       261.153        51.80                 50.00          1
0x1b7904cc0       175.564        45.70                 85791.00       0
0x2b6486fc0       175.603        53.70                 86052.00       0
0x7fca583c0       175.624        49.50                 86071.00       0
0x6941f7c80       261.648        54.30                 50.00          1
0x6efa8c840       175.658        45.40                 86317.00       0
0x70c955940       175.658        48.40                 86357.00       0
0x232576340       175.730        48.90                 86445.00       0
0x4ed4f3680       175.785        45.90                 86550.00       0
0x26f5a2700       175.911        45.40                 86584.00       0
0x2f4c60e00       176.177        45.30                 86598.00       0
0x6e0c29bc0       176.187        48.30                 86688.00       0
0x415081600       176.203        50.90                 86792.00       0
0x156b52700       176.237        50.60                 86938.00       0
0x36de46e00       176.598        49.80                 86737.00       0
0x10b080f40       176.694        54.40                 86836.00       0
0x35e07380        220.251        54.30                 43354.00       1
0x28b005480       176.725        53.80                 86965.00       0
0x55c4b2200       263.697        47.80                 50.00          1
0x35e077c0        177.225        53.40                 86605.00       0
0x36135a140       176.885        50.00                 86965.00       0
0x5ad2a2840       177.039        46.00                 86966.00       0
0x71668b340       177.245        45.60                 87090.00       0
0x23550080        264.342        53.80                 50.00          1
0x3c9ebda80       177.297        49.10                 87198.00       0
0x5924ba200       177.315        53.60                 87360.00       0
0x530b3a640       177.444        46.50                 87391.00       0
0x419c52cc0       264.818        47.10                 50.00          1
0x746ffc8c0       177.575        48.60                 87420.00       0
0x708e3ce80       215.807        54.40                 49348.00       1
0x708e3cbc0       177.736        46.70                 87419.00       0
0x61b012900       178.147        49.90                 87133.00       0
0x426e8f3c0       178.435        48.70                 86940.00       0
0x1aff4a500       178.467        52.40                 86998.00       0
0x665d1b280       254.270        52.60                 11245.00       1
0x665d1ba00       178.616        48.90                 86899.00       0
0x230b53300       265.573        45.60                 50.00          1
0x215670000       265.688        54.10                 50.00          1
0x577d4b540       178.683        48.80                 87107.00       0
0x2563769c0       178.704        53.40                 87226.00       0
0x7cc207740       178.761        46.90                 87269.00       0
0x407f94dc0       266.156        48.10                 50.00          1
0x15addf240       178.801        52.60                 87409.00       0
0x2c2f95580       178.898        54.20                 87492.00       0
0x1c8ee0e00       178.975        48.50                 87575.00       0
0x456529a00       266.596        53.40                 50.00          1
0xeeeedd80        179.242        50.50                 87918.00       0
0x5271521c0       179.362        46.40                 87868.00       0
0x6c1e0be40       179.258        53.00                 88012.00       0
0x478ed4000       203.697        46.70                 63653.00       1
0x478ed4dc0       179.259        47.10                 88091.00       0
0x43eccc2c0       179.341        47.40                 88039.00       0
0x2b5031740       179.613        53.30                 87947.00       0
0x5d7a52280       267.548        51.30                 50.00          1
0xec2fb500        179.924        48.90                 87691.00       0
0x7f5cd8bc0       267.672        48.10                 50.00          1
0x7de038000       179.854        50.50                 87886.00       0
0xec2fbec0        256.893        51.00                 10927.00       1
0x3b34a6ec0       267.845        53.50                 50.00          1
0x4f3975e00       256.925        52.90                 11155.00       1
0x4f3975680       180.066        51.70                 88014.00       0
0x23570c800       180.142        48.10                 88238.00       0
0xe8d2c4c0        180.223        46.60                 88202.00       0
0x57d1770c0       180.157        46.00                 88383.00       0
0x6a98020c0       180.166        51.00                 88414.00       0
0x5dd5b8240       180.227        46.90                 88673.00       0
0x2a1043300       180.280        45.50                 88780.00       0
0x9b516a00        180.914        54.70                 88296.00       0
0x4b9b63b40       180.820        46.30                 88400.00       0
0x44b3dd080       269.341        53.90                 50.00          1
0x520a79380       269.481        46.60                 50.00          1
0x65c4de700       180.939        54.50                 88641.00       0
0x76ec8aac0       180.987        53.90                 88773.00       0
0x67559f640       181.256        53.80                 88684.00       0
0x32cddab00       269.914        53.90                 50.00          1
0x54b93d9c0       270.063        46.20                 50.00          1
0x7d90fed80       181.454        48.70                 88761.00       0
0x617cdd700       181.461        54.50                 88809.00       0
0x736434a40       181.592        50.90                 88858.00       0
0x24362f840       270.427        46.40                 50.00          1
0x4d0a4bc80       181.680        46.20                 88930.00       0
0x5ecc88b40       270.625        45.90                 50.00          1
0x283108a00       181.830        53.90                 88960.00       0
0x2cd353bc0       181.963        50.30                 89007.00       0
0x76735c180       182.017        54.90                 89128.00       0
0x439b28d80       182.210        50.60                 89230.00       0
0x26febe940       182.219        48.80                 89261.00       0
0x34c827140       205.345        50.30                 66310.00       1
0x34c827280       182.323        52.00                 89332.00       0
0x3e5de7f80       182.369        49.20                 89446.00       0
0x2d5d7c140       271.770        51.80                 50.00          1
0x587956ec0       182.392        52.30                 89603.00       0
0x45de75d80       182.548        51.90                 89622.00       0
0xdce81280        272.222        48.10                 50.00          1
0x62bc23980       182.681        54.90                 89669.00       0
0x7cfd0c740       272.455        45.50                 50.00          1
0x6d26ec140       182.717        50.10                 89808.00       0
0x180639d40       182.840        51.70                 89860.00       0
0x7394efd00       272.652        50.80                 50.00          1
0x269d09400       183.177        49.30                 89683.00       0
0x75f122900       272.945        52.60                 50.00          1
0x626584200       183.235        47.80                 89775.00       0
0x1caa5e0c0       271.214        45.10                 1926.00        1
0x1caa5e080       183.293        51.70                 89847.00       0
0x48407e300       273.098        48.00                 50.00          1
0x22f4e1080       183.321        45.40                 89889.00       0
0x1d91ad2c0       183.430        46.20                 89855.00       0
0x28763600        183.784        50.90                 89556.00       0
0x658bafd80       183.576        49.40                 89894.00       0
0x510fc88c0       183.625        54.20                 90020.00       0
0x212a75640       183.928        51.10                 89967.00       0
0x6d0b6e980       184.028        48.40                 90027.00       0
0x442d708c0       184.109        48.20                 90106.00       0
0x814c2580        274.227        53.20                 50.00          1
0x31e2da440       274.241        54.40                 50.00          1
0x24e56c040       184.149        46.70                 90246.00       0
0x66677f040       184.186        45.40                 90349.00       0
0x468a98280       184.361        45.20                 90334.00       0
0x5c12402c0       274.788        45.30                 50.00          1
0x6ad526300       184.405        51.70                 90470.00       0
0x6c79169c0       184.564        50.20                 90591.00       0
0x38f2a64c0       184.586        54.20                 90649.00       0
0x240506d40       184.632        48.20                 90763.00       0
0x34ab3f980       185.055        46.50                 90500.00       0
0x6f9dfa6c0       185.150        47.50                 90565.00       0
0x7dd2a9e00       185.293        48.70                 90582.00       0
0x125083c40       213.149        51.50                 63006.00       1
0x125083f00       185.332        49.00                 90823.00       0
0x29ac097c0       185.338        46.50                 90857.00       0
0x12569c0         185.498        45.20                 90827.00       0
0x45b81c740       185.426        47.60                 90929.00       0
0x96479500        186.019        54.00                 90496.00       0
0x5388f34c0       185.710        49.40                 90965.00       0
0x6e6e37500       260.845        47.20                 16190.00       1
0x6e6e37080       186.126        50.80                 90909.00       0
0x63de05f40       186.253        52.10                 91082.00       0
0x51ad5a640       186.264        46.10                 91111.00       0
0x2f269f380       236.230        54.50                 41425.00       1
0x2f269fbc0       186.579        52.10                 91076.00       0
0x3f0078700       186.592        51.70                 91143.00       0
0x5f43acc40       277.730        51.70                 50.00          1
0x3f189e0c0       277.784        49.70                 50.00          1
0x1e8cf2f00       245.922        53.00                 31993.00       1
0x1e8cf21c0       186.883        51.30                 91032.00       0
0x73a996740       277.930        53.50                 50.00          1
0x1f5917c80       187.008        49.20                 91067.00       0
0xbe022a00        187.579        47.50                 90591.00       0
0x752081780       187.426        54.00                 90829.00       0
0x4eb5e3640       278.402        51.80                 50.00          1
0x2d8814180       187.766        50.40                 90849.00       0
0x32b5a7e80       187.805        47.50                 90950.00       0
0x4a0322d40       188.067        50.40                 90868.00       0
0x698aaae40       188.257        49.80                 90833.00       0
0x68cd1e280       188.407        45.60                 90843.00       0
0x3ebf404c0       188.438        47.10                 90972.00       0
0x2c0b23a80       188.556        47.10                 91009.00       0
0x305a3ac40       188.771        50.50                 90974.00       0
0x7423687c0       188.827        49.50                 91073.00       0
0x600cc9e00       188.882        48.40                 91173.00       0
0x508b71f40       280.054        53.00                 50.00          1
0x4422a0a80       280.161        49.10                 50.00          1
0x63cf6b500       188.958        52.10                 91412.00       0
0x42f02cc80       188.962        50.80                 91448.00       0
0x75d8ac0         189.136        46.30                 91424.00       0
0x24c12dcc0       188.983        53.80                 91602.00       0
0x6ef34b0c0       189.138        48.20                 91797.00       0
0x132cc1800       189.149        50.20                 91826.00       0
0x5a76ef000       280.953        45.50                 50.00          1
0x74d711ec0       189.510        51.10                 91540.00       0
0x62b72ed00       189.699        45.00                 91391.00       0
0x1b9659ac0       189.765        49.30                 91545.00       0
0x6cf1b0340       281.267        54.30                 50.00          1
0x5b3f648c0       189.870        47.50                 91570.00       0
0x67f3d0c0        189.966        51.10                 91534.00       0
0x227b16240       189.887        49.20                 91653.00       0
0x67f3d840        220.996        53.50                 60579.00       1
0x7cb11c340       190.230        54.50                 91650.00       0
0x39b7b9200       190.276        47.10                 91764.00       0
0x2e9f22480       190.445        49.50                 91755.00       0
0x484f74c80       190.543        54.10                 91837.00       0
0x214b85ac0       190.611        51.60                 91944.00       0
0x74b6d6140       190.837        50.80                 91898.00       0
0x2f9b24600       190.914        49.50                 92061.00       0
0x4e3f4a380       190.926        45.70                 92129.00       0
0x2c5abb240       191.061        52.20                 92174.00       0
0x7b79fa840       191.428        49.60                 91967.00       0
0x4789c8b00       191.492        52.80                 92083.00       0
0x444d1e880       283.661        50.80                 50.00          1
0x15ac5b680       191.845        49.60                 91890.00       0
0x47efc6180       191.991        54.40                 91924.00       0
0x3297f9bc0       192.284        52.00                 91811.00       0
0x5806b9e80       192.688        45.50                 91567.00       0
0x214328900       192.731        53.30                 91704.00       0
0x2cdb67180       192.923        48.50                 91672.00       0
0x6f7b7780        284.596        49.10                 50.00          1
0x7f5e9b840       259.203        45.20                 25572.00       1
0x7f5e9b640       225.996        49.60                 58779.00       1
0x7f5e9ba00       193.492        52.10                 91283.00       0
0x4f33a9180       193.554        46.90                 91381.00       0
0x20abb5b80       284.914        47.70                 50.00          1
0x1904f8680       193.769        46.90                 91326.00       0
0x326a45280       193.821        48.80                 91434.00       0
0x86c86580        193.894        49.30                 91436.00       0
0x4fc42eb40       285.355        53.60                 50.00          1
0x5b98865c0       279.234        45.00                 6201.00        1
0x5b9886b40       193.872        53.90                 91563.00       0
0x5d421ab40       193.916        45.50                 91839.00       0
0x355c537c0       194.300        52.20                 91635.00       0
0x11123c0c0       194.362        47.00                 91733.00       0
0x4739c7800       194.444        53.00                 91831.00       0
0x1d876ba00       194.564        50.80                 91891.00       0
0x1a160eb40       286.456        51.40                 50.00          1
0x16e18f100       286.517        47.10                 50.00          1
0x32e423080       194.669        54.20                 91966.00       0
0xbb761580        195.222        53.70                 91548.00       0
0x35feeb100       194.871        50.90                 92084.00       0
0xde5b0080        195.634        46.30                 91326.00       0
0x4903d5100       286.932        54.80                 50.00          1
0x562757980       194.968        52.90                 92027.00       0
0x4f1e38280       287.047        46.80                 50.00          1
0x412154040       195.390        53.00                 91965.00       0
0x29213780        196.230        48.50                 91220.00       0
0x5d98e1f00       195.518        45.30                 91992.00       0
0xc83e7080        197.354        53.80                 90546.00       0
0x76b81c640       196.423        46.30                 91557.00       0
0xe64e2f80        196.577        53.10                 91528.00       0
0x69859e1c0       196.795        48.10                 91520.00       0
0x666960880       288.323        52.10                 50.00          1
0x7c4f48700       249.457        51.70                 39033.00       1
0x7c4f48a40       196.958        52.60                 91532.00       0
0x3dc34f340       197.482        45.20                 91268.00       0
0x5c9e34640       197.519        46.90                 91301.00       0
0x669481a80       288.819        52.80                 50.00          1
0x2df9508c0       197.537        52.30                 91348.00       0
0xf5d56540        198.155        47.80                 91015.00       0
0x70d3ec000       197.779        54.70                 91496.00       0
0x253a25dc0       197.891        53.60                 91439.00       0
0x2acb47080       198.275        45.20                 91275.00       0
0x34d3347c0       198.322        51.50                 91393.00       0
0x72a6a6e80       289.711        48.90                 50.00          1
0x7aa444180       289.805        52.00                 50.00          1
0x1b089be00       198.386        49.00                 91589.00       0
0x52c501400       198.405        54.20                 91650.00       0
0x13b2b40         198.850        51.70                 91370.00       0
0x57462300        199.018        54.50                 91317.00       0
0x6ae0f9700       198.859        45.90                 91516.00       0
0x20c9f5f80       290.772        54.60                 50.00          1
0x1de05b540       199.212        50.10                 91683.00       0
0x745876c40       199.213        53.60                 91722.00       0
0x28e8594c0       199.393        50.80                 91722.00       0
0x42fe3c040       291.103        51.60                 50.00          1
0x4e3f4a440       291.119        54.40                 50.00          1
0xcdd327c0        199.708        50.90                 91532.00       0
0x3c9ebd240       291.215        46.80                 50.00          1
0x7b22567c0       199.532        45.50                 91743.00       0
0x381430980       291.359        49.80                 50.00          1
0xdc082a40        291.454        45.40                 50.00          1
0x232418500       199.836        52.70                 91799.00       0
0x87af1840        200.199        50.40                 91561.00       0
0x2ff208b40       199.911        52.80                 91904.00       0
0x87af1b40        210.925        51.10                 80895.00       1
0x4902e1480       200.216        50.10                 91959.00       0
0x147c3f1c0       200.700        50.80                 91655.00       0
0x27e598fc0       200.810        53.80                 91725.00       0
0x6f76fdb00       292.501        54.40                 50.00          1
0x659aa7980       200.855        46.10                 91840.00       0
0x11da09880       292.791        45.80                 50.00          1
0x154578640       292.907        52.10                 50.00          1
0x479e03ec0       200.898        54.80                 92097.00       0
0x6331f7180       200.907        54.30                 92148.00       0
0x3e5de7840       293.018        50.30                 50.00          1
0x7c9dba980       201.370        52.60                 91865.00       0
0x32b8d7b80       201.491        52.20                 91924.00       0
0x3e32f86c0       201.610        48.60                 91965.00       0
0x1d6a61c0        293.576        51.10                 50.00          1
0x1a6e69580       293.593        51.60                 50.00          1
0x22f9df140       201.782        46.60                 91953.00       0
0x483c17740       293.748        49.30                 50.00          1
0x3cadb01c0       225.270        54.30                 68625.00       1
0x3cadb0140       201.987        45.80                 91908.00       0
0x67c8b1700       202.012        50.00                 92163.00       0
0x55ae5bf00       202.025        48.50                 92190.00       0
0x3d9dd7200       202.108        52.40                 92287.00       0
0x1e83e2e80       202.274        53.40                 92401.00       0
0x76b9fca80       202.288        50.40                 92467.00       0
0x16bd72f40       202.336        52.50                 92599.00       0
0x14ebe5a00       202.461        50.20                 92654.00       0
0x3c9ebd9c0       295.228        47.20                 50.00          1
0x65c28ef40       202.527        51.70                 92768.00       0
0xa887fcc0        295.405        49.20                 50.00          1
0x131588100       202.528        50.90                 92942.00       0
0xc3207a40        203.307        54.80                 92228.00       0
0x42820e3c0       203.095        54.50                 92555.00       0
0x406dd9e80       203.332        54.40                 92673.00       0
0x98a49d80        203.622        51.50                 92428.00       0
0x48fc9a0c0       296.029        49.30                 50.00          1
0x513188b80       296.240        48.50                 50.00          1
0x1c47a88c0       203.670        54.80                 92685.00       0
0x670230700       203.930        52.70                 92630.00       0
0x59ef93940       264.773        54.50                 31807.00       1
0x59ef93100       203.934        54.20                 92646.00       0
0x4d45d000        204.204        51.20                 92436.00       0
0x2346cde00       204.073        49.50                 92572.00       0
0x541dcd4c0       279.058        47.20                 17762.00       1
0x541dcd400       204.078        53.90                 92742.00       0
0x2c4554e00       296.822        50.60                 50.00          1
0x229f92400       204.354        48.20                 92771.00       0
0x66aae1600       297.078        48.60                 50.00          1
0x6f3fcbcc0       297.122        46.30                 50.00          1
0x5ba6e1740       204.412        51.20                 92813.00       0
0x4986f3080       204.513        46.70                 92872.00       0
0x344bb9d00       204.564        48.90                 92981.00       0
0x66e60da40       204.716        51.80                 93009.00       0
0x299c26280       204.789        46.90                 93096.00       0
0x79222c640       245.407        45.50                 52658.00       1
0x79222c080       204.951        54.70                 93114.00       0
0x24db9d500       205.124        46.90                 93101.00       0
0x1599df800       205.234        45.90                 93171.00       0
0x5c584e640       206.484        45.70                 92061.00       1
0x5c584e240       205.259        45.50                 93286.00       0
0x349747980       298.585        47.40                 50.00          1
0x4a3f82340       205.455        54.90                 93270.00       0
0x7e6088f40       205.629        50.90                 93276.00       0
0x1cf7c8700       205.676        48.10                 93389.00       0
0xa7bc4380        205.752        48.90                 93328.00       0
0x77cf57900       205.734        53.80                 93591.00       0
0x37a37a200       299.475        50.80                 50.00          1
0x3b2a4a980       205.758        48.00                 93807.00       0
0x467cdc400       206.034        50.70                 93711.00       0
0x5b27f3280       206.239        45.30                 93666.00       0
0x47c8db240       206.292        47.10                 93773.00       0
0x396357d40       300.029        48.30                 50.00          1
0x17f2a0680       206.655        50.40                 93590.00       0
0x1066e2c00       206.750        53.90                 93675.00       0
0x4248f8c40       207.028        52.90                 93577.00       0
0x6b5cda00        207.382        54.80                 93338.00       0
0x1966e64c0       207.211        45.70                 93554.00       0
0x738201c00       269.412        53.10                 31713.00       1
0x738201ac0       207.517        52.10                 93608.00       0
0x1cdf52700       207.584        51.40                 93721.00       0
0x463878c40       207.638        52.40                 93847.00       0
0xbe022e40        301.590        50.50                 50.00          1
0x430afe980       207.678        47.30                 93967.00       0
0x796f9a840       301.668        46.90                 50.00          1
0x622476700       207.903        49.90                 93902.00       0
0x639f24480       207.951        49.20                 94014.00       0
0x22c84da40       302.075        51.30                 50.00          1
0x1463bd580       208.011        51.90                 94134.00       0
0xc08a8d40        208.043        46.70                 94132.00       0
0x2cce996c0       302.223        47.00                 50.00          1
0x5040a2ec0       208.391        48.00                 94149.00       0
0x743f12d00       208.414        45.90                 94221.00       0
0x4d2c8f580       263.302        52.00                 39473.00       1
0x4d2c8f4c0       208.429        47.40                 94346.00       0
0x45358ba80       208.667        53.80                 94283.00       0
0x738fb6cc0       208.907        54.10                 94223.00       0
0x6957e3d80       303.172        47.90                 50.00          1
0x5fc212240       209.212        48.60                 94073.00       0
0x61c69a340       209.378        54.70                 94087.00       0
0x1d304cb40       209.410        53.70                 94365.00       0
0x1142f6140       209.411        51.40                 94404.00       0
0xd8f9cc80        209.664        51.60                 94161.00       0
0x683d54c0        210.083        47.20                 94007.00       0
0x3911659c0       209.771        49.30                 94389.00       0
0x19b521700       209.785        54.60                 94495.00       0
0x1b671ee80       213.338        48.00                 91027.00       1
0x1b671e900       209.896        45.40                 94469.00       0
0x18e8b8340       210.174        51.10                 94491.00       0
0x3d5ded900       210.259        51.80                 94636.00       0
0x1671cbb40       305.065        51.70                 50.00          1
0x38680ecc0       305.076        47.40                 50.00          1
0x3cce60280       210.384        49.40                 94826.00       0
0x7ac673540       275.024        47.30                 30286.00       1
0x7ac673f80       262.454        45.00                 42856.00       1
0x7ac673cc0       210.447        53.50                 94863.00       0
0x7156d9c00       210.366        49.20                 94949.00       0
0x6cd052b40       210.645        48.30                 94710.00       0
0x4851a88c0       210.683        54.90                 94852.00       0
0xaac66a00        210.713        47.70                 94907.00       0
0x2972dc9c0       210.723        52.30                 95152.00       0
0x6f31ca640       210.797        48.90                 95298.00       0
0x6b0742140       306.093        54.10                 50.00          1
0x1c1c1e500       210.815        48.60                 95380.00       0
0x7de038800       306.191        51.60                 50.00          1
0x3984e9440       306.264        54.50                 50.00          1
0x32b10ec00       210.878        52.60                 95597.00       0
0x3c9ebd700       306.460        45.30                 50.00          1
0x1384fadc0       210.891        49.60                 95644.00       0
0x5772e5ac0       306.612        52.20                 50.00          1
0x382d11a40       210.964        48.70                 95731.00       0
0x6f2857d80       306.652        49.00                 50.00          1
0x2a04bf640       211.117        49.60                 95738.00       0
0x6014be980       211.180        46.40                 95835.00       0
0x744d17d80       293.780        49.20                 13415.00       1
0x744d17900       211.401        54.90                 95794.00       0
0x1c8fcf600       211.458        46.30                 95897.00       0
0x3dd50f080       211.624        51.60                 95911.00       0
0x134ee9340       211.702        52.80                 96013.00       0
0xf5d56dc0        307.773        47.90                 50.00          1
0x255324d40       211.908        46.50                 95967.00       0
0x2a013f300       212.167        47.60                 95868.00       0
0x5131880c0       308.087        50.50                 50.00          1
0x20c528340       308.091        46.70                 50.00          1
0x238a72680       212.234        49.60                 95961.00       0
0xe20a23c0        214.978        53.90                 93332.00       1
0x66f61b880       212.717        47.80                 95733.00       0
0x7a9a26780       212.733        49.00                 95882.00       0
0xe20a2f80        212.752        49.70                 95873.00       0
0x2bee60540       212.996        46.90                 95839.00       0
0x7efd982c0       213.082        53.50                 95933.00       0
0x6717337c0       213.133        53.90                 96142.00       0
0x40b611c00       309.333        50.40                 50.00          1
0x272a1a9c0       213.140        46.40                 96295.00       0
0xa888b440        213.360        46.10                 96130.00       0
0xf1c88f40        309.489        46.60                 50.00          1
0x7ababc540       213.159        50.50                 96516.00       0
0x3d5d5bc80       309.627        53.80                 50.00          1
0x51a44c140       213.175        52.80                 96540.00       0
0x2e8638800       217.742        46.50                 92313.00       1
0x2e8638940       213.478        50.30                 96577.00       0
0x649d5b000       310.013        48.30                 50.00          1
0x1392c8140       213.545        53.00                 96910.00       0
0x1d107e480       213.551        49.10                 96924.00       0
0xd61326c0        310.464        46.50                 50.00          1
0x665863f00       213.564        46.40                 96991.00       0
0x65a4b1f80       213.742        48.10                 96973.00       0
0x195202c80       310.680        48.10                 50.00          1
0x186708d80       213.770        45.00                 97105.00       0
0x7bbb4e240       252.896        46.50                 58139.00       1
0x7bbb4ee40       213.849        46.90                 97186.00       0
0x1c2c00ec0       258.773        53.70                 52422.00       1
0x1c2c00ac0       213.888        47.00                 97307.00       0
0xd9a26c0         214.373        51.80                 96972.00       0
0x2ef876400       213.960        45.00                 97395.00       0
0x419c524c0       311.309        45.10                 50.00          1
0x5b2dd8200       214.031        52.40                 97499.00       0
0x11ee739c0       311.682        45.40                 50.00          1
0x78faf440        214.675        48.70                 97130.00       0
0x6d7098240       214.382        51.30                 97503.00       0
0x13045e7c0       214.628        54.80                 97477.00       0
0x7911095c0       214.628        47.30                 97507.00       0
0x7ac67dc0        214.846        52.70                 97679.00       0
0x7eeae41c0       214.898        51.10                 97667.00       0
0x797ad1d80       214.938        46.40                 97847.00       0
0x4635da4c0       214.936        53.70                 97869.00       0
0x600cc9180       312.764        48.20                 50.00          1
0x1966e6a40       312.786        51.30                 50.00          1
0x158e81880       256.826        52.80                 56139.00       1
0x158e81d80       215.096        46.00                 97869.00       0
0x1866ea640       215.175        46.40                 97950.00       0
0x5668cd100       215.233        47.80                 98052.00       0
0xd456b00         215.338        54.00                 98117.00       0
0x7791d3680       215.335        47.90                 98230.00       0
0x365405040       215.567        46.40                 98298.00       0
0x1662d4240       215.585        52.90                 98500.00       0
0x12117e2c0       215.594        53.10                 98551.00       0
0x1ff3a6bc0       215.785        54.90                 98540.00       0
0x36f16fc0        215.855        54.70                 98600.00       0
0x67bd7f7c0       215.946        53.40                 98739.00       0
0x43e676b80       265.257        51.80                 49588.00       1
0x43e676500       216.001        49.40                 98844.00       0
0x36e332e00       216.036        46.40                 99109.00       0
0x2e986ebc0       216.046        46.60                 99119.00       0
0xc32070c0        315.253        54.60                 50.00          1
0x15a12a580       216.148        52.20                 99217.00       0
0x3d3447640       216.178        47.80                 99327.00       0
0x719a9fd00       216.354        47.20                 99311.00       0
0x40d6d3940       216.859        46.10                 98966.00       0
0x2a9ffe680       273.387        50.20                 42618.00       1
0x2a9ffe680       216.895        52.30                 99110.00       0
0x426257780       315.692        53.30                 553.00         1
0x426257740       217.164        45.90                 99081.00       0
0x18e751100       316.240        53.30                 50.00          1
0x579d64e80       217.179        54.80                 99166.00       0
0x604a0ca80       217.434        48.90                 99071.00       0
0x5e0619300       298.537        51.60                 18128.00       1
0x5e0619600       217.492        49.30                 99173.00       0
0x27d6a5740       316.728        54.00                 50.00          1
0x36aadda00       217.608        51.30                 99237.00       0
0x23df08540       217.649        46.70                 99356.00       0
0x7e4514e40       217.702        46.00                 99578.00       0
0x58618ae00       217.706        47.20                 99614.00       0
0x2bef757c0       317.311        49.70                 50.00          1
0x3747d5700       217.861        54.70                 99634.00       0
0x3de25f880       218.594        47.50                 99096.00       0
0x316419dc0       299.499        46.50                 18306.00       1
0x3164194c0       218.617        48.10                 99188.00       0
0x1c4ec100        219.120        54.90                 98790.00       0
0x432298d00       218.894        46.90                 99071.00       0
0x7433555c0       218.932        48.30                 99193.00       0
0x4d3c05a80       218.976        48.30                 99309.00       0
0x1181dadc0       219.063        45.30                 99377.00       0
0x21805a7c0       318.603        52.30                 50.00          1
0x30722ae80       219.121        49.30                 99654.00       0
0x18e566880       219.189        51.80                 99761.00       0
0x41176c880       219.253        52.20                 99872.00       0
0xb07ebd40        219.293        54.30                 99887.00       0
0x7a948da80       319.316        45.00                 50.00          1
0x3a488c400       319.384        46.90                 50.00          1
0x3dbc69740       319.398        53.30                 50.00          1
0x4fc5b7cc0       219.387        50.50                 100098.00      0
0x48d9fcfc0       219.440        53.60                 100220.00      0
0x2206ea700       219.529        50.40                 100281.00      0
0x42665d040       219.706        51.30                 100204.00      0
0x7978f5800       220.022        53.10                 100013.00      0
0x749d514c0       220.024        47.40                 100046.00      0
0x7d65f8000       320.054        51.80                 50.00          1
0x42120e440       220.169        53.40                 100206.00      0
0x1899b4800       220.194        47.50                 100276.00      0
0x629b89e40       320.425        51.90                 50.00          1
0x4a4f42040       220.399        52.60                 100191.00      0
0x2072ab140       320.592        54.30                 50.00          1
0x59f264bc0       220.638        52.80                 100132.00      0
0x283f0e000       220.721        50.70                 100209.00      0
0x1205fac0        220.797        53.40                 100333.00      0
0x3c56113c0       220.795        45.50                 100375.00      0
0x16265300        221.006        45.10                 100169.00      0
0x5d244aec0       321.470        54.30                 50.00          1
0x45b7268c0       221.160        46.70                 100435.00      0
0x276162c80       221.176        50.00                 100559.00      0
0x705b45f40       221.221        49.10                 100674.00      0
0x773ae92c0       221.281        50.60                 100794.00      0
0x7ab78440        221.456        45.60                 100814.00      0
0x7b4cee0c0       221.327        47.40                 101028.00      0
0x468b64780       221.329        48.30                 101066.00      0
0x29ac09100       322.608        52.00                 50.00          1
0x7a9a26340       322.656        48.00                 50.00          1
0x1f1e4b3c0       221.786        50.40                 101029.00      0
0x671576380       221.802        47.10                 101093.00      0
0xec175600        222.133        52.90                 100837.00      0
0x3ebc4080        222.251        45.50                 100804.00      0
0x15e4c6b80       222.092        52.00                 100983.00      0
0x7c4f48e40       323.263        47.50                 50.00          1
0x6a518fc00       222.205        47.70                 101210.00      0
0x396357d80       323.441        47.70                 50.00          1
0x5e5d6fdc0       222.510        53.40                 101345.00      0
0x7562a1700       222.533        46.00                 101382.00      0
0x27f4c8400       324.095        50.50                 50.00          1
0x2fd1635c0       222.653        47.50                 101502.00      0
0x52dd07580       222.666        53.70                 101589.00      0
0x5569d2b40       222.714        50.00                 101781.00      0
0x4c86f1840       222.714        54.80                 101881.00      0
0x51ee52b80       222.819        51.30                 101956.00      0
0x3d5c94880       222.897        53.60                 102058.00      0
0x1b6adff40       222.988        46.90                 102122.00      0
0x43ecccb80       325.106        46.80                 50.00          1
0x232418200       325.181        49.10                 50.00          1
0x18c854f00       223.027        46.60                 102243.00      0
0x726d07880       223.194        45.30                 102231.00      0
0x7d6b0d640       223.233        48.30                 102347.00      0
0x49613e40        223.295        53.90                 102355.00      0
0xfea69d40        325.758        50.60                 50.00          1
0x7eb1ac280       223.368        48.80                 102542.00      0
0x49d8d09c0       223.418        54.30                 102672.00      0
0x630befe80       326.180        45.10                 50.00          1
0x51c6d2100       223.423        47.00                 102827.00      0
0x4486b26c0       223.527        47.70                 102878.00      0
0x70126d700       223.777        50.70                 102803.00      0
0x5d0bb56c0       224.261        46.20                 102574.00      0
0x6bdacbf80       224.279        55.00                 102636.00      0
0x2f55a2700       224.418        48.80                 102697.00      0
0x6bad7a980       224.438        47.00                 102792.00      0
0x6753b6c00       224.752        47.40                 102638.00      0
0x36a969dc0       272.402        53.80                 55153.00       1
0x36a9696c0       224.952        51.40                 102603.00      0
0x53cd0b380       327.545        45.20                 50.00          1
0xfdaf6a40        225.507        46.20                 102128.00      0
0x49aa79fc0       225.433        54.20                 102257.00      0
0x20d46dc40       225.533        49.20                 102297.00      0
0x2e6ee0900       327.815        53.70                 50.00          1
0x7ca6a3b80       225.575        52.90                 102535.00      0
0x747744f40       328.190        46.60                 50.00          1
0x6d64b8c00       225.600        45.40                 102690.00      0
0x6e00e6d80       225.607        53.50                 102803.00      0
0x2e0c25340       225.611        48.00                 102859.00      0
0x7e367bdc0       225.723        54.30                 102927.00      0
0x478ed4800       328.829        47.80                 50.00          1
0x325d9cf00       329.214        47.60                 50.00          1
0x790803880       329.227        54.20                 50.00          1
0x724471080       226.012        47.30                 103298.00      0
0x4a9d3ce00       226.039        50.40                 103406.00      0
0x2c8f5cc0        226.191        50.90                 103284.00      0
0x1eb05cac0       226.201        46.30                 103289.00      0
0x1eea15500       329.464        53.40                 50.00          1
0x4696af500       225.967        49.80                 103638.00      0
0x6a79da180       225.868        50.30                 103757.00      0
0x7b1e34980       226.551        50.70                 103294.00      0
0x1081b7700       226.592        46.80                 103413.00      0
0x3f12c18c0       226.690        54.30                 103635.00      0
0x67f3df40        330.308        48.60                 50.00          1
0x7f905c580       330.312        54.70                 50.00          1
0x2e144ca80       226.691        54.20                 103674.00      0
0x1578aaa40       226.756        45.60                 103769.00      0
0x37c6c1ec0       226.790        49.10                 103895.00      0
0x7b934d680       226.862        51.50                 104003.00      0
0x262ec14c0       226.948        48.10                 104077.00      0
0x5e4d61d80       227.006        54.40                 104199.00      0
0x63017c80        227.076        52.40                 104159.00      0
0x69c0df440       331.285        51.00                 50.00          1
0x2175b2900       331.340        51.70                 50.00          1
0x1e3e7bb40       227.158        50.50                 104407.00      0
0x989595c0        227.822        54.40                 103883.00      0
0x467cdcfc0       331.679        48.30                 50.00          1
0x1a46a2940       279.840        53.50                 51905.00       1
0x1a46a2c80       227.374        52.90                 104371.00      0
0x2b1bc76c0       263.427        51.30                 68478.00       1
0x2b1bc7940       227.474        45.20                 104431.00      0
0x479055840       228.157        49.30                 104088.00      0
0x3946a73c0       228.339        51.30                 104086.00      0
0x18f5fcc40       228.390        48.40                 104195.00      0
0x5f6e67340       228.446        49.90                 104339.00      0
0x66e34bc80       228.466        51.80                 104459.00      0
0x7b3995b00       228.684        53.10                 104421.00      0
0x3222551c0       228.900        45.70                 104445.00      0
0x5a998d880       333.312        49.10                 50.00          1
0x39133e740       228.915        51.10                 104530.00      0
0x6027af7c0       333.514        50.20                 50.00          1
0x55423cf00       228.995        54.40                 104630.00      0
0x39d263d80       229.091        49.50                 104689.00      0
0x2aeaba00        333.752        47.30                 50.00          1
0x7dfd738c0       333.803        47.90                 50.00          1
0x2751f5b80       229.154        54.40                 104801.00      0
0x639f24380       334.038        54.00                 50.00          1
0x1318f8580       229.447        52.70                 104688.00      0
0x6c1e0b300       334.129        51.00                 50.00          1
0x1d107e000       334.227        51.10                 50.00          1
0x26f28bcc0       229.562        49.70                 104728.00      0
0x11358d500       230.136        48.10                 104334.00      0
0x42120e440       334.513        54.90                 50.00          1
0x7c3796e00       230.160        53.80                 104470.00      0
0x44ff21c00       334.656        54.30                 50.00          1
0xbf0ebf80        334.712        52.60                 50.00          1
0x27460b180       230.218        49.20                 104567.00      0
0x281915600       230.405        50.50                 104560.00      0
0x638005940       335.183        47.60                 50.00          1
0x28a6367c0       230.482        51.00                 104798.00      0
0x60f576b00       230.483        50.90                 104832.00      0
0x3cd44c740       230.532        50.10                 104913.00      0
0x102ab82c0       310.922        50.40                 24603.00       1
0x102ab82c0       230.624        45.40                 104901.00      0
0x6e8fd9700       230.811        50.90                 104779.00      0
0x7df57ad80       335.597        48.00                 50.00          1
0x723eec980       335.605        50.60                 50.00          1
0x33a03ee00       230.889        50.20                 104956.00      0
0x3b04894c0       231.218        46.10                 104697.00      0
0x5c477a840       231.298        47.70                 104757.00      0
0x5486bcc40       231.309        49.10                 104806.00      0
0xf851d940        231.370        49.70                 104785.00      0
0x627311c0        231.885        53.50                 104360.00      0
0x34d334b00       336.395        49.50                 50.00          1
0x520a79480       336.469        45.60                 50.00          1
0x4f1c9ab40       231.923        47.60                 104752.00      0
0x1bc479c00       231.932        52.80                 104863.00      0
0x63ca60100       231.974        52.10                 105001.00      0
0xb7324940        336.934        46.40                 50.00          1
0x49d064580       232.100        46.30                 105035.00      0
0x791109140       337.174        53.50                 50.00          1
0x4824e53c0       297.297        49.70                 39998.00       1
0x4824e5000       232.161        48.50                 105134.00      0
0x145d8d500       232.277        53.40                 105198.00      0
0x65d734880       232.388        51.50                 105267.00      0
0x30f1d29c0       232.646        48.20                 105169.00      0
0x7dee97040       233.156        45.30                 104819.00      0
0x6941f7b40       337.970        52.90                 50.00          1
0x554b02980       233.388        45.80                 104747.00      0
0x664b60c0        234.306        46.80                 103964.00      0
0x6768f6a40       233.870        45.30                 104425.00      0
0x21805a8c0       338.247        49.90                 50.00          1
0x313dc9b80       234.047        45.70                 104408.00      0
0x5b0af4e80       234.283        49.10                 104412.00      0
0x516dc3180       338.736        51.30                 50.00          1
0x2a4f06fc0       234.701        51.50                 104414.00      0
0x2dec18bc0       234.707        50.80                 104468.00      0
0x3bc22e000       339.127        48.10                 50.00          1
0x1e0e0f80        234.731        50.70                 104534.00      0
0x4e8045b40       234.821        54.60                 104814.00      0
0x6a92d4e00       234.826        53.10                 104849.00      0
0x56dce7dc0       339.711        51.70                 50.00          1
0x621dcf940       234.966        46.20                 104909.00      0
0x3411b3940       234.986        51.90                 105029.00      0
0x78b1cf400       235.061        52.30                 105134.00      0
0x669481100       340.230        45.20                 50.00          1
0x31494540        340.266        50.90                 50.00          1
0xd0564ec0        235.128        49.90                 105197.00      0
0x56e851c80       340.348        49.50                 50.00          1
0x6c38be080       235.136        53.80                 105399.00      0
0x17915a580       235.559        50.40                 105156.00      0
0x663d5b680       235.771        53.00                 105224.00      0
0x1e632ff40       235.799        54.60                 105456.00      0
0x2b348cc0        235.813        53.70                 105452.00      0
0x54b730900       341.310        53.90                 50.00          1
0x369f82dc0       287.410        50.60                 53985.00       1
0x369f82800       235.811        46.40                 105584.00      0
0x73555b140       235.814        52.80                 105776.00      0
0x30b671900       235.884        48.20                 105866.00      0
0x574620c0        341.724        51.10                 50.00          1
0x1bc2d0380       341.942        51.50                 50.00          1
0x6c8c10f00       236.400        46.40                 105655.00      0
0x59c361c80       292.102        52.20                 49973.00       1
0x59c361f80       236.393        52.00                 105682.00      0
0x2c6d11540       342.112        50.90                 50.00          1
0x43ab92440       342.197        50.00                 50.00          1
0x7d90fe580       342.260        46.30                 50.00          1
0x760f12840       266.661        52.80                 75674.00       1
0x760f12980       236.412        47.50                 105923.00      0
0x4e3f4a3c0       342.312        48.60                 50.00          1
0x134485c00       236.439        47.50                 105956.00      0
0x31f3ddec0       236.603        54.90                 105967.00      0
0x19eb2df80       236.766        45.70                 106054.00      0
0x70a244b00       236.777        46.00                 106103.00      0
0x23a4e100        237.253        49.30                 105752.00      0
0x6950ddfc0       236.861        53.20                 106199.00      0
0x40d98c200       236.962        46.30                 106223.00      0
0x2fef7a5c0       283.229        52.30                 60041.00       1
0x2fef7aac0       237.003        47.30                 106267.00      0
0x7229cba40       237.068        49.80                 106282.00      0
0x35a35b8c0       237.243        52.20                 106317.00      0
0x2b6486e80       343.513        46.00                 50.00          1
0x48b2b6e40       237.299        53.40                 106491.00      0
0x4b621f000       300.553        48.10                 43337.00       1
0x4b621fbc0       237.330        50.20                 106560.00      0
0x572059c80       343.920        54.10                 50.00          1
0x547845040       237.506        49.90                 106544.00      0
0xac63eb40        237.565        49.10                 106550.00      0
0xc84fe140        237.665        54.40                 106515.00      0
0x7735d6640       344.436        52.90                 50.00          1
0x11ce1a200       237.790        46.30                 106760.00      0
0x1bba88ec0       344.657        48.30                 50.00          1
0x56b5a9380       237.951        53.10                 106779.00      0
0x4b38a5bc0       322.036        46.50                 22874.00       1
0x4b38a53c0       238.002        53.20                 106908.00      0
0x12baa8740       344.939        54.50                 50.00          1
0x508783b00       268.217        45.00                 76868.00       1
0x508783a40       238.280        51.30                 106805.00      0
0x4422a0e40       345.205        52.10                 50.00          1
0x1f0d9b540       238.322        54.00                 106943.00      0
0x229d00480       238.774        45.30                 106651.00      0
0x2e5bc6a40       238.834        52.60                 106771.00      0
0x663d5b4c0       345.629        53.10                 50.00          1
0x5661d1400       238.900        53.50                 106885.00      0
0x28013a480       238.992        47.20                 106953.00      0
0x54837ae80       239.350        46.60                 106755.00      0
0x3c6cd48c0       239.711        52.60                 106574.00      0
0x329fc4540       239.853        49.30                 106592.00      0
0x22171a6c0       239.962        45.80                 106643.00      0
0x304199740       240.030        48.10                 106735.00      0
0x845bb140        240.664        48.10                 106121.00      0
0x76a4b4440       240.112        53.10                 106833.00      0
0x23dfb5f40       240.169        45.50                 106936.00      0
0x1bd0f2b40       347.472        51.20                 50.00          1
0x4ab19c300       240.736        52.20                 106849.00      0
0x55c955640       347.537        45.10                 50.00          1
0x5dece5f80       240.742        47.30                 106863.00      0
0x3a1a313c0       347.617        48.40                 50.00          1
0x14c44f580       240.904        51.10                 106881.00      0
0x4bd606000       241.188        47.90                 106837.00      0
0x281b4d3c0       241.203        49.20                 106902.00      0
0x2a3d1d2c0       348.196        45.80                 50.00          1
0x7f223b740       241.240        48.50                 107025.00      0
0x1bc2d0880       348.451        53.40                 50.00          1
0x7ed674c00       241.603        54.30                 107122.00      0
0x109cc4ac0       241.706        45.00                 107039.00      0
0x55e1b8480       241.731        49.80                 107034.00      0
0xec175d40        348.979        52.30                 50.00          1
0x188e76d00       348.991        54.00                 50.00          1
0x260c63240       242.167        54.80                 106898.00      0
0x46b084340       242.176        52.20                 106949.00      0
0x62e8f6fc0       242.276        52.50                 107029.00      0
0xae7c340         242.960        53.80                 106425.00      0
0x671733700       349.413        51.90                 50.00          1
0x349d56880       349.455        51.40                 50.00          1
0x7f76e42c0       242.393        48.00                 107172.00      0
0x63e411080       242.404        49.20                 107221.00      0
0x469e6ab80       242.944        54.80                 106931.00      0
0x1b40b0140       242.992        53.90                 107158.00      0
0x16e337980       243.036        48.40                 107274.00      0
0x760e34c40       243.238        52.70                 107242.00      0
0x55d2c5ec0       243.408        46.60                 107227.00      0
0x261c1a540       256.740        53.20                 94075.00       1
0x261c1a040       243.453        54.70                 107362.00      0
0x67e688ac0       243.505        54.30                 107460.00      0
0x7583bb800       243.563        52.30                 107517.00      0
0x7ccd848c0       243.673        51.30                 107497.00      0
0x60a96f240       244.140        47.50                 107210.00      0
0x5035d45c0       244.369        52.50                 107091.00      0
0x681c38d00       244.438        47.60                 107222.00      0
0x2e986e8c0       351.636        54.60                 50.00          1
0x43a0d3280       244.442        51.50                 107313.00      0
0x653bec400       244.658        49.50                 107257.00      0
0x97c7ddc0        244.774        47.90                 107391.00      0
0x364fc5b80       296.655        50.90                 55540.00       1
0x364fc5f40       244.760        51.30                 107435.00      0
0x499b14ec0       352.327        52.50                 50.00          1
0x4008825c0       244.919        45.80                 107496.00      0
0xa0a22940        245.015        47.60                 107405.00      0
0xdf51e400        341.796        46.80                 10724.00       1
0xdf51e840        245.559        54.50                 107011.00      0
0x5d7cb0280       245.712        53.40                 107223.00      0
0x1231ddc00       245.783        51.30                 107332.00      0
0x3545d3200       245.810        54.10                 107485.00      0
0x7831d2400       246.005        48.30                 107470.00      0
0x598712540       246.030        46.00                 107585.00      0
0xde5b0b80        353.693        48.10                 50.00          1
0x3306f4c0        246.269        46.20                 107551.00      0
0x4d1475d80       246.184        45.50                 107731.00      0
0x45c95f540       246.188        51.10                 107767.00      0
0xe64e2340        354.073        53.00                 50.00          1
0x6e251ae40       286.046        50.90                 68229.00       1
0x6e251a840       246.340        47.50                 107935.00      0
0xcb2d1840        246.555        52.70                 107825.00      0
0x97aba280        354.350        45.10                 50.00          1
0x563b22f40       246.458        50.90                 107997.00      0
0x2ec162280       354.693        53.30                 50.00          1
0x5a34e3440       246.629        50.90                 108246.00      0
0x7447575c0       246.661        52.60                 108334.00      0
0x22f876b80       247.057        45.60                 108098.00      0
0x112e5fbc0       247.272        52.90                 108203.00      0
0x7404c9300       247.280        54.00                 108235.00      0
0x7fc532300       247.316        45.90                 108359.00      0
0x3ac86200        247.685        48.80                 108010.00      0
0x504c4aa00       247.381        45.80                 108454.00      0
0x5924ba740       355.948        50.40                 50.00          1
0x7d405cdc0       247.590        51.40                 108425.00      0
0x5b718f600       247.632        51.60                 108563.00      0
0x6f2d5740        247.786        47.80                 108449.00      0
0x46dbb3c00       356.399        53.70                 50.00          1
0x3c1288480       247.745        46.70                 108770.00      0
0x82492b80        247.857        48.30                 108783.00      0
0x39f58040        248.620        47.70                 108155.00      0
0xdef8d540        248.601        51.30                 108304.00      0
0x5f0ee5740       248.125        50.20                 108875.00      0
0x6c7f61a40       248.210        45.50                 108950.00      0
0x47b867a80       248.391        46.50                 108924.00      0
0x701b99fc0       249.045        50.60                 108775.00      0
0x414a17480       249.092        47.70                 108883.00      0
0x2206ea900       357.997        51.50                 50.00          1
0x7440f2bc0       343.363        52.20                 15067.00       1
0x7440f2d40       255.129        49.80                 103301.00      1
0x7440f29c0       249.275        45.30                 109155.00      0
0x326e91400       249.302        46.30                 109228.00      0
0x59a47e0c0       249.232        46.90                 109353.00      0
0x513188940       358.538        47.60                 50.00          1
0x4cf763f80       249.465        47.10                 109140.00      0
0x361f9cfc0       250.118        50.20                 108637.00      0
0x796f16e40       250.260        45.10                 108610.00      0
0x66aafa380       250.277        47.00                 108643.00      0
0x2fce9ec00       250.483        48.40                 108487.00      0
0x4ae273700       250.544        53.00                 108541.00      0
0x335a77b80       250.669        46.80                 108796.00      0
0x28646af80       250.669        51.30                 108846.00      0
0x6e26635c0       250.681        48.90                 108874.00      0
0x6cd052580       359.564        49.10                 50.00          1
0x75980a240       250.796        49.30                 108919.00      0
0x4348f9c0        251.129        50.20                 108621.00      0
0x6d0b6e2c0       359.906        52.70                 50.00          1
0x3d79445c0       251.163        45.50                 108892.00      0
0x95aec380        251.449        49.60                 108706.00      0
0x6c4653c40       251.316        50.30                 108919.00      0
0x211581680       360.327        55.00                 50.00          1
0x49d29b980       360.393        46.00                 50.00          1
0x49ee995c0       251.571        49.80                 109004.00      0
0x434b25680       251.607        54.80                 109128.00      0
0xa0bb40          251.680        46.50                 109065.00      0
0x30b671280       360.727        54.80                 50.00          1
0xdc082540        360.743        47.80                 50.00          1
0x58dcd5740       251.884        52.60                 109191.00      0
0xc0c7db00        361.119        52.60                 50.00          1
0x2380156c0       252.484        47.70                 108751.00      0
0xb715c3c0        252.863        50.40                 108417.00      0
0x1b9659cc0       361.295        52.00                 50.00          1
0x1081b7f40       361.335        52.50                 50.00          1
0x21eb0e540       252.803        50.40                 108612.00      0
0x76fc71e80       361.416        53.40                 50.00          1
0x2ecd3f300       252.910        52.60                 108865.00      0
0x54789e180       253.153        54.00                 108802.00      0
0x52b77afc0       253.204        47.30                 108911.00      0
0x14118abc0       253.246        50.60                 109049.00      0
0x20afe7700       290.148        50.80                 72307.00       1
0x20afe7000       253.325        47.50                 109130.00      0
0x37abaa9c0       253.527        53.70                 109108.00      0
0x63db58a80       253.559        53.20                 109256.00      0
0x7221b3dc0       253.627        48.70                 109348.00      0
0x796a45880       253.657        51.50                 109498.00      0
0x87af1c80        363.227        49.70                 50.00          1
0x568268380       253.929        52.50                 109406.00      0
0x237c8dc80       254.051        52.90                 109464.00      0
0x4ca7cfc40       254.115        45.70                 109560.00      0
0x572194100       254.401        49.60                 109434.00      0
0x403e3bc0        363.851        45.10                 50.00          1
0x6a7d37780       254.461        47.30                 109534.00      0
0x96479d80        363.975        49.50                 50.00          1
0x1c876c180       254.783        47.10                 109372.00      0
0x3c6847340       254.826        46.20                 109489.00      0
0xf5d56040        364.396        46.10                 50.00          1
0x44927480        255.021        50.30                 109449.00      0
0x6a22cb940       273.197        48.40                 91438.00       1
0x6a22cb600       254.880        55.00                 109755.00      0
0x351219d80       254.889        50.70                 109786.00      0
0x25b399680       364.682        51.00                 50.00          1
0x185b22cc0       364.734        46.40                 50.00          1
0x3cfbb7440       254.925        52.60                 109930.00      0
0x63e98b240       365.038        49.90                 50.00          1
0xc8f632c0        255.530        50.10                 109650.00      0
0x6e8d8c040       312.400        54.50                 52795.00       1
0x6e8d8cb00       296.431        50.60                 68764.00       1
0x6e8d8c400       255.072        47.00                 110123.00      0
0x23467cf00       255.197        46.80                 110158.00      0
0x48daf2840       255.225        52.30                 110310.00      0
0x320c32a40       255.442        51.00                 110268.00      0
0x2fb428dc0       365.926        52.50                 50.00          1
0x216c0a800       255.690        45.50                 110350.00      0
0x1bb66e9c0       255.863        52.80                 110352.00      0
0x45b2ec7c0       255.899        54.70                 110486.00      0
0x516659f40       366.543        47.20                 50.00          1
0x389006b40       256.677        54.40                 109923.00      0
0x5ae199100       366.567        46.90                 50.00          1
0x5b53450c0       256.677        52.50                 109963.00      0
0x456c771c0       256.785        48.10                 109935.00      0
0x22fd980         257.278        49.20                 109672.00      0
0x617519080       257.214        47.00                 109756.00      0
0x6c34f3c0        257.553        46.80                 109482.00      0
0x20ce6b040       257.073        52.00                 109967.00      0
0x2482fefc0       257.912        49.20                 109448.00      0
0x75c76e740       258.007        49.90                 109513.00      0
0x65380f840       367.561        46.30                 50.00          1
0x319634bc0       258.097        50.20                 109598.00      0
0x229f92ac0       367.708        49.40                 50.00          1
0x3fb270fc0       258.229        54.80                 109646.00      0
0x597498c40       367.963        52.00                 50.00          1
0x75906efc0       367.974        47.10                 50.00          1
0x4ab19c9c0       367.983        54.80                 50.00          1
0x6443c2600       258.316        49.30                 109719.00      0
0x449cb6b40       258.354        46.80                 109841.00      0
0x23570c80        368.320        45.80                 50.00          1
0x74aec6d00       258.406        46.60                 110074.00      0
0x746d66600       341.594        53.50                 26921.00       1
0x746d66e00       258.412        47.20                 110103.00      0
0xa2dd78c0        263.711        51.10                 104824.00      1
0xa2dd7c80        258.541        54.90                 110039.00      0
0x4f68d9c80       290.042        52.30                 78813.00       1
0x4f68d9380       258.624        46.00                 110231.00      0
0x56bb1bf80       258.674        54.40                 110361.00      0
0x74bb7d280       258.857        52.70                 110358.00      0
0x373fbadc0       258.890        54.50                 110505.00      0
0x185468200       259.174        51.20                 110401.00      0
0x6f133240        259.367        54.00                 110388.00      0
0x365d56180       259.280        53.10                 110475.00      0
0x7f8729980       280.823        53.40                 89112.00       1
0x7f8729280       259.344        51.90                 110591.00      0
0xf868100         259.632        49.40                 110383.00      0
0x7c2243280       370.105        47.00                 50.00          1
0x437f3a480       259.394        45.40                 110881.00      0
0xf868b00         290.045        52.90                 80240.00       1
0x354116e40       370.521        49.10                 50.00          1
0x2d73fa900       259.729        47.60                 110946.00      0
0x7916ebac0       259.754        51.50                 111021.00      0
0x29fde980        370.899        51.50                 50.00          1
0x1bc2b1680       259.792        53.10                 111163.00      0
0x384a1bd40       259.932        48.90                 111183.00      0
0x272370640       259.972        48.70                 111423.00      0
0x69d1c52c0       259.981        51.80                 111554.00      0
0x2ecd35640       259.999        51.40                 111636.00      0
0x32caacb00       308.460        51.80                 63335.00       1
0x32caac640       260.099        46.00                 111696.00      0
0x2145d3100       260.316        47.50                 111739.00      0
0x4af648a00       372.082        51.10                 50.00          1
0x4cc97c880       342.758        48.30                 29377.00       1
0x4cc97c780       260.325        51.50                 111810.00      0
0x22f4e1d40       372.158        49.70                 50.00          1
0x22323f000       260.451        48.80                 111844.00      0
0x6828eab00       260.533        53.30                 111942.00      0
0x609b47100       260.883        53.00                 111772.00      0
0x737170880       260.928        52.80                 111907.00      0
0x7058e52c0       261.161        47.00                 111914.00      0
0x7ab78980        373.106        51.90                 50.00          1
0x7b20d1d80       261.163        52.20                 112012.00      0
0x1bfab7a80       261.258        48.60                 112197.00      0
0x544b24600       261.273        50.70                 112242.00      0
0x6f2857580       373.509        47.60                 50.00          1
0x505a4d340       373.513        48.90                 50.00          1
0x7116aa580       261.483        53.60                 112207.00      0
0x64f082b40       261.576        48.20                 112269.00      0
0x20afe7f00       373.806        50.10                 50.00          1
0xdf51e580        373.815        51.50                 50.00          1
0x6786457c0       261.711        54.20                 112309.00      0
0x664587200       373.996        46.60                 50.00          1
0x26ed98ac0       295.572        52.80                 78608.00       1
0x26ed980c0       261.758        46.60                 112422.00      0
0x696739900       261.898        54.50                 112437.00      0
0x3d8b18680       262.085        49.90                 112380.00      0
0x20050f800       262.112        48.50                 112463.00      0
0x5bdd362c0       262.107        52.30                 112473.00      0
0x7ec14d4c0       262.237        54.50                 112603.00      0
0x126184c00       291.552        50.00                 83408.00       1
0x126184c80       262.315        54.60                 112645.00      0
0x4d132de40       262.414        54.00                 112706.00      0
0x57b1d2980       375.177        49.30                 50.00          1
0x727920040       262.812        47.50                 112468.00      0
0x32035e300       263.340        50.30                 112105.00      0
0x3dcf1fbc0       263.434        48.70                 112171.00      0
0x7844c24c0       263.466        48.20                 112299.00      0
0x6b5269480       263.547        51.50                 112478.00      0
0x243876c40       263.566        46.80                 112539.00      0
0x8d6dc940        263.945        52.30                 112180.00      0
0x27631c6c0       264.061        46.10                 112384.00      0
0x11105ac80       264.154        50.10                 112471.00      0
0x52d7b740        376.637        48.00                 50.00          1
0x2c3ce7bc0       376.643        48.70                 50.00          1
0x28fd8a4c0       264.266        45.50                 112519.00      0
0x4a82cf000       264.343        54.80                 112622.00      0
0xbd14de00        376.932        50.90                 50.00          1
0x16f50e240       264.488        53.90                 112657.00      0
0x3e32f8000       377.181        49.70                 50.00          1
0x39c474f00       374.642        51.60                 2683.00        1
0x39c474800       264.532        50.90                 112793.00      0
0x7af3620c0       264.762        54.10                 112743.00      0
0x1981cc900       264.823        49.70                 113342.00      0
0x2dd999a80       264.948        50.70                 113397.00      0
0x52d727f00       265.088        46.80                 113317.00      0
0x36ec544c0       264.967        52.30                 113478.00      0
0x50c00a480       265.091        46.80                 113374.00      0
0x1a84292c0       265.188        53.00                 113337.00      0
0x7f602b80        265.405        51.20                 113125.00      0
0xbda18ec0        265.460        48.10                 113355.00      0
0x854bad00        265.482        53.50                 113408.00      0
0x7a59e980        265.611        53.50                 113619.00      0
0x24362f980       379.255        46.60                 50.00          1
0x3e1391580       265.604        46.20                 113721.00      0
0x779f2ac40       265.607        49.20                 113878.00      0
0x382698c80       379.580        46.60                 50.00          1
0x745970a40       265.808        46.20                 113897.00      0
0x3c2277000       266.048        46.80                 113937.00      0
0x57c7958c0       266.051        48.30                 113974.00      0
0x6ea992800       266.473        50.40                 113732.00      0
0x26eb0c400       266.519        48.00                 113841.00      0
0x7b9d6c740       266.628        49.00                 113887.00      0
0x2aeb41700       380.695        53.10                 50.00          1
0x496d90040       310.622        50.50                 70128.00       1
0x496d90980       266.744        46.10                 114006.00      0
0x62b861b40       266.768        52.60                 114077.00      0
0x51c6d28c0       380.855        53.40                 50.00          1
0x4bd1b5800       267.093        53.70                 113927.00      0
0x5e558a540       381.103        45.70                 50.00          1
0x5e273f000       267.185        54.20                 114010.00      0
0x6c6d72b40       267.291        46.80                 114064.00      0
0x5f8164b80       267.500        54.00                 114035.00      0
0x7dd2a9740       381.600        48.10                 50.00          1
0x470797bc0       267.565        52.60                 114150.00      0
0x7f02dbcc0       337.293        55.00                 44597.00       1
0x7f02dbc00       267.645        55.00                 114245.00      0
0x5445177c0       267.931        45.90                 114114.00      0
0x5f2071fc0       268.010        54.80                 114165.00      0
0x5e30d1340       268.133        53.90                 114132.00      0
0x7ec3db440       268.199        51.00                 114151.00      0
0x18ec59840       286.439        51.80                 96091.00       1
0x18ec59880       268.238        47.80                 114292.00      0
0x2eeb38f80       268.402        45.30                 114268.00      0
0x4bdfc61c0       268.433        47.40                 114332.00      0
0x46b55efc0       268.500        49.40                 114405.00      0
0x11f861240       382.871        54.30                 50.00          1
0x2b6804700       268.535        46.20                 114520.00      0
0x4e3f4a740       383.074        46.80                 50.00          1
0x302bef3c0       268.629        46.00                 114586.00      0
0x48f9f7700       383.197        49.00                 50.00          1
0x36135a180       383.203        47.50                 50.00          1
0x368801700       268.760        54.20                 114635.00      0
0x359f83800       268.830        48.70                 114725.00      0
0x1b94ea4c0       268.890        51.10                 114885.00      0
0x494649c00       268.926        46.10                 114969.00      0
0x110e0d540       269.052        54.20                 115023.00      0
0x1e952cd40       290.785        54.00                 93450.00       1
0x1e952cf40       269.150        47.90                 115085.00      0
0x685558880       269.402        49.00                 115033.00      0
0x40b4f1cc0       269.432        52.50                 115183.00      0
0x28877db80       322.943        52.40                 61812.00       1
0x28877d000       269.458        54.00                 115297.00      0
0x39b48cdc0       269.604        50.70                 115331.00      0
0x64d2dc180       269.630        47.70                 115465.00      0
0x3cfbb76c0       385.108        51.00                 50.00          1
0x3127aa140       269.687        53.20                 115588.00      0
0x182631b80       269.791        47.50                 115644.00      0
0x3bdaa5440       269.856        48.20                 115739.00      0
0x34af0aa80       349.509        47.90                 36326.00       1
0x34af0ae00       269.939        49.90                 115896.00      0
0x582364d80       385.852        47.60                 50.00          1
0x134c9b300       269.951        52.80                 115984.00      0
0x7faa49940       385.974        50.80                 50.00          1
0x18619c5c0       270.097        46.30                 115998.00      0
0x40b470c0        386.135        46.70                 50.00          1
0x85873a80        270.226        51.80                 116019.00      0
0x4419fb940       270.148        45.20                 116107.00      0
0x1578aa9c0       386.278        51.60                 50.00          1
0x75906e300       386.354        51.50                 50.00          1
0x68c00b080       270.266        53.20                 116349.00      0
0x68cd1e880       386.627        46.50                 50.00          1
0x6af8494c0       270.618        46.00                 116157.00      0
0x42c3a2a80       270.742        52.60                 116253.00      0
0x2098ec200       387.025        53.30                 50.00          1
0x69833bc40       270.768        54.70                 116367.00      0
0x964797c0        387.165        45.30                 50.00          1
0x634bc2e00       270.980        54.30                 116335.00      0
0x254f1b200       271.035        50.00                 116440.00      0
0x7cb11cfc0       387.445        46.50                 50.00          1
0x3e42eb680       271.153        47.80                 116472.00      0
0x493bb3e80       271.274        47.10                 116631.00      0
0x7ddeea840       271.277        53.60                 116683.00      0
0x3a9bbc800       271.322        46.00                 116793.00      0
0x1a2806180       271.398        46.60                 116877.00      0
0x5ba923fc0       271.523        51.10                 116932.00      0
0x64c58aa80       271.584        52.00                 117066.00      0
0x7b1f1e980       271.612        48.20                 117178.00      0
0x3b11521c0       388.782        51.90                 50.00          1
0x54d463d40       372.909        45.90                 16046.00       1
0x54d463600       271.714        54.80                 117241.00      0
0x752e14b00       271.772        45.60                 117343.00      0
0x15dbc2dc0       389.179        54.50                 50.00          1
0x17b526780       271.911        47.00                 117484.00      0
0x6576ff1c0       271.915        46.90                 117520.00      0
0x1c0d354c0       271.957        47.50                 117743.00      0
0x7f000b0c0       271.964        49.20                 117776.00      0
0x2fd163e40       389.695        49.90                 50.00          1
0x34c827cc0       389.811        47.50                 50.00          1
0x55d79db40       272.026        54.20                 117874.00      0
0x3e17cfcc0       272.160        52.80                 117905.00      0
0x62c853e00       272.178        51.40                 117967.00      0
0x2e8daec80       390.206        52.30                 50.00          1
0x3625182c0       272.194        53.40                 118101.00      0
0x2bde4f780       390.249        51.00                 50.00          1
0x256eb5bc0       272.544        47.80                 117881.00      0
0x210a81c0        272.884        55.00                 117676.00      0
0x18f94d340       272.607        46.70                 117978.00      0
0x984f5c0         272.928        49.30                 117667.00      0
0x984f840         316.373        53.70                 74287.00       1
0xb7324ec0        390.778        54.70                 50.00          1
0x4e0d9e300       323.731        50.30                 67249.00       1
0x4e0d9e640       317.109        51.80                 73871.00       1
0x4e0d9e2c0       272.656        48.40                 118324.00      0
0x651cad840       272.953        54.00                 118247.00      0
0x56a977c80       273.088        48.30                 118272.00      0
0x3dfcf0dc0       273.597        51.70                 117943.00      0
0x1096dde40       273.744        45.60                 117956.00      0
0x421091b40       273.887        45.60                 117973.00      0
0x752dce340       274.194        49.70                 117826.00      0
0x3c7baad40       274.602        52.70                 117598.00      0
0x4a1e63340       274.697        50.60                 117668.00      0
0x5faea1040       275.132        51.10                 117413.00      0
0x4a1a0cdc0       275.204        54.50                 117521.00      0
0x3dec2e500       275.253        52.30                 117652.00      0
0x7985b2600       275.501        46.40                 117564.00      0
0x7af362280       393.084        54.90                 50.00          1
0x3a316d980       385.678        49.10                 7567.00        1
0x3a316d400       275.635        54.10                 117610.00      0
0x475105480       297.585        50.30                 95880.00       1
0x475105dc0       275.779        47.20                 117686.00      0
0x1ea831640       385.763        47.70                 7822.00        1
0x1ea831580       311.314        50.50                 82271.00       1
0x1ea831500       275.796        53.60                 117789.00      0
0x2a4490700       393.565        54.80                 50.00          1
0x3027caac0       275.880        47.60                 117865.00      0
0x6172e2540       275.932        50.70                 117993.00      0
0x4b356c240       276.221        47.60                 117924.00      0
0x6dfcea8c0       276.250        53.50                 118015.00      0
0xd6209600        276.636        50.10                 117649.00      0
0x3367195c0       276.527        50.10                 117918.00      0
0x126f64fc0       394.524        45.80                 50.00          1
0x2986b67c0       276.696        45.40                 118089.00      0
0x6cc1f44c0       276.820        51.60                 118145.00      0
0x5b27f3200       395.052        53.20                 50.00          1
0x4239ef340       277.196        53.00                 117949.00      0
0x256376a00       395.173        46.90                 50.00          1
0x6e3b07f80       277.685        47.10                 117620.00      0
0x50456cbc0       395.296        54.80                 50.00          1
0x20ecd800        277.725        54.50                 117675.00      0
0x31cd04400       277.708        49.60                 117972.00      0
0x37a877dc0       277.723        46.50                 118007.00      0
0x1142cab00       277.981        47.90                 117969.00      0
0x556609400       278.172        46.80                 117938.00      0
0x565362e80       396.148        45.30                 50.00          1
0xbdb14480        278.548        52.60                 117697.00      0
0x48aabb7c0       384.221        50.30                 12069.00       1
0x48aabb8c0       278.236        52.50                 118054.00      0
0x1c4931f40       344.226        54.60                 52214.00       1
0x1c4931c40       278.415        46.20                 118025.00      0
0xd8f57d80        278.513        49.60                 117957.00      0
0x31cd04740       396.651        50.50                 50.00          1
0x18b734340       396.808        46.30                 50.00          1
0x38ee8b500       278.901        46.40                 118034.00      0
0x55c267480       278.923        53.20                 118192.00      0
0x6b52694c0       397.118        48.00                 50.00          1
0x13cc33240       310.142        51.60                 87123.00       1
0x13cc33ec0       279.113        49.10                 118152.00      0
0x4f3d30c80       397.334        51.30                 50.00          1
0x318da3280       279.207        45.30                 118218.00      0
0x5a76eff80       397.377        45.50                 50.00          1
0x5e2db9c80       279.340        53.80                 118370.00      0
0x5ece79c00       322.203        45.30                 75537.00       1
0x5ece79ac0       279.349        53.30                 118391.00      0
0x7124ee400       279.676        50.80                 118154.00      0
0xf4cfd900        279.867        52.40                 118003.00      0
0x679e06800       397.857        47.60                 50.00          1
0x24415b3c0       279.828        46.60                 118082.00      0
0x479e03700       397.982        50.30                 50.00          1
0x205896680       279.945        48.40                 118320.00      0
0x59ee45980       280.019        54.00                 118366.00      0
0x6426dd6c0       280.089        46.90                 118516.00      0
0x13fa7bc00       280.092        50.70                 118563.00      0
0x4cd9d5700       280.217        46.30                 118658.00      0
0x647c3a2c0       280.235        49.50                 118740.00      0
0x190ed1e00       280.537        49.40                 118728.00      0
0x433e68c40       280.721        48.60                 118574.00      0
0x77b34d6c0       280.785        49.10                 118670.00      0
0x1c3e79900       280.902        47.10                 118713.00      0
0x27de65740       280.956        48.60                 118819.00      0
0x153416540       325.980        47.70                 73975.00       1
0x153416f00       281.022        50.10                 118933.00      0
0x5655c89c0       281.073        48.30                 119042.00      0
0x730acc080       400.124        47.10                 50.00          1
0x670760c40       281.320        53.90                 118975.00      0
0x3ef419640       281.403        52.70                 119192.00      0
0x452095080       281.411        47.40                 119224.00      0
0x11966e4c0       0.000          50.10                 118836.00      0
0x24b667d80       282.014        54.10                 119101.00      0
0x1676083c0       401.282        54.70                 50.00          1
0x6f31cab80       401.431        48.70                 50.00          1
0x498773ac0       401.848        48.00                 50.00          1
0x4c86f1740       402.209        50.20                 50.00          1
0x3dc34f000       402.229        53.40                 50.00          1
0xbb90f640        356.929        47.70                 45581.00       1
0x64b832140       402.924        51.90                 50.00          1
0x45b81c240       403.109        54.30                 50.00          1
0x18e7512c0       403.270        53.40                 50.00          1
0x41f42b5c0       403.915        48.70                 50.00          1
0x5388f3b00       404.448        52.40                 50.00          1
0x13b0dad00       405.055        53.60                 50.00          1
0x7f76e4440       405.245        51.80                 50.00          1
0x493868c40       406.768        51.20                 50.00          1
0x62bfc1fc0       407.285        54.50                 50.00          1
0x15fb9a040       407.499        52.90                 50.00          1
0x1e              0.000          0.00                  408337.25      1
